city;region
Abano Terme;Veneto
Abbadia Lariana;Lombardy
Abbadia San Salvatore;Tuscany
Abbasanta;Sardegna
Abbiategrasso;Lombardy
Acate;Sicilia
Acerno;Campania
Acerra;Campania
Aci Bonaccorsi;Sicilia
Aci Castello;Sicilia
Aci Catena;Sicilia
Aci Sant’Antonio;Sicilia
Acireale;Sicilia
Acqualagna;Marche
Acquanegra sul Chiese;Lombardy
Acquapendente;Lazio
Acquarica del Capo;Puglia
Acquasanta Terme;Marche
Acquasparta;Umbria
Acquaviva delle Fonti;Puglia
Acque Dolci;Sicilia
Acqui Terme;Piedmont
Acri;Calabria
Adelfia;Puglia
Adrano;Sicilia
Adria;Veneto
Adro;Lombardy
Afragola;Campania
Africo;Calabria
Agerola;Campania
Agira;Sicilia
Agliè;Piedmont
Agliana;Tuscany
Agna;Veneto
Agnadello;Lombardy
Agnone;Molise
Agordo;Veneto
Agrate Brianza;Lombardy
Agrigento;Sicilia
Agropoli;Campania
Agugliano;Marche
Aidone;Sicilia
Aiello del Sabato;Campania
Airasca;Piedmont
Airola;Campania
Airuno;Lombardy
Ala;Trentino-Alto Adige
Alanno;Abruzzo
Alassio;Liguria
Alatri;Lazio
Alba;Piedmont
Albanella;Campania
Albano Laziale;Lazio
Albano Sant’Alessandro;Lombardy
Albaredo d’Adige;Veneto
Albenga;Liguria
Alberobello;Puglia
Albiate;Lombardy
Albignasego;Veneto
Albinea;Emilia-Romagna
Albino;Lombardy
Albisola Marina;Liguria
Albizzate;Lombardy
Albuzzano;Lombardy
Alcamo;Sicilia
Aldeno;Trentino-Alto Adige
Alessandria;Piedmont
Alessandria della Rocca;Sicilia
Alessano;Puglia
Alezio;Puglia
Alfonsine;Emilia-Romagna
Alghero;Sardegna
Alia;Sicilia
Alice Castello;Piedmont
Alliste;Puglia
Allumiere;Lazio
Almè;Lombardy
Almenno San Bartolomeo;Lombardy
Almenno San Salvatore;Lombardy
Almese;Piedmont
Alpignano;Piedmont
Alseno;Emilia-Romagna
Altamura;Puglia
Altavilla Irpina;Campania
Altavilla Milicia;Sicilia
Altavilla Silentina;Campania
Altavilla Vicentina;Veneto
Altidona;Marche
Altofonte;Sicilia
Altomonte;Calabria
Altopascio;Tuscany
Alvignano;Campania
Alvito;Lazio
Alzano Lombardo;Lombardy
Amalfi;Campania
Amandola;Marche
Amantea;Calabria
Amaseno;Lazio
Amatrice;Lazio
Ameglia;Liguria
Amelia;Umbria
Amendolara;Calabria
Amorosi;Campania
Anacapri;Campania
Anagni;Lazio
Ancona;Marche
Andorno Micca;Piedmont
Andrano;Puglia
Andria;Puglia
Angera;Lombardy
Anghiari;Tuscany
Angri;Campania
Anguillara Sabazia;Lazio
Anguillara Veneta;Veneto
Annone Veneto;Veneto
Antegnate;Lombardy
Antrodoco;Lazio
Anzio;Lazio
Anzola dell’Emilia;Emilia-Romagna
Aosta;Valle d’Aosta
Apice;Campania
Apollosa;Campania
Appiano Gentile;Lombardy
Appignano;Marche
Apricena;Puglia
Aquaviva Picena;Marche
Aquiléia;Friuli-Venezia Giulia
Aquino;Lazio
Aradeo;Puglia
Aragona;Sicilia
Arborea;Sardegna
Arcade;Veneto
Arce;Lazio
Arcene;Lombardy
Arcevia;Marche
Arcidosso;Tuscany
Arco;Trentino-Alto Adige
Arcole;Veneto
Arconate;Lombardy
Arcore;Lombardy
Arcugnano;Veneto
Ardea;Lazio
Ardenno;Lombardy
Ardesio;Lombardy
Ardore;Calabria
Arenzano;Liguria
Arese;Lombardy
Arezzo;Tuscany
Argelato;Emilia-Romagna
Argenta;Emilia-Romagna
Ariano Irpino;Campania
Ariano nel Polesine;Veneto
Ariccia;Lazio
Arienzo;Campania
Arluno;Lombardy
Arnesano;Puglia
Arona;Piedmont
Arosio;Lombardy
Arpino;Lazio
Arquata Scrivia;Piedmont
Arrone;Umbria
Arsago Seprio;Lombardy
Arsiero;Veneto
Artegna;Friuli-Venezia Giulia
Artena;Lazio
Artogne;Lombardy
Arzachena;Sardegna
Arzano;Campania
Arzergrande;Veneto
Arzignano;Veneto
Ascea;Campania
Asciano;Tuscany
Ascoli Piceno;Marche
Ascoli Satriano;Puglia
Asiago;Veneto
Asola;Lombardy
Asolo;Veneto
Assèmini;Sardegna
Assisi;Umbria
Asso;Lombardy
Assoro;Sicilia
Asti;Piedmont
Atessa;Abruzzo
Atripalda;Campania
Augusta;Sicilia
Aulla;Tuscany
Auronzo di Cadore;Veneto
Ausonia;Lazio
Avella;Campania
Avellino;Campania
Aversa;Campania
Avetrana;Puglia
Avezzano;Abruzzo
Aviano;Friuli-Venezia Giulia
Avigliana;Piedmont
Avigliano;Basilicata
Avigliano;Umbria
Avio;Trentino-Alto Adige
Avola;Sicilia
Azzano Decimo;Friuli-Venezia Giulia
Azzate;Lombardy
Bacoli;Campania
Badia;Trentino-Alto Adige
Badia Calavena;Veneto
Badia Polesine;Veneto
Badolato;Calabria
Bagheria;Sicilia
Bagnário Arsa;Friuli-Venezia Giulia
Bagnacavallo;Emilia-Romagna
Bagnara Calabra;Calabria
Bagni di Lucca;Tuscany
Bagno a Ripoli;Tuscany
Bagno di Romagna;Emilia-Romagna
Bagnoli di Sopra;Veneto
Bagnoli Irpino;Campania
Bagnolo Cremasco;Lombardy
Bagnolo Mella;Lombardy
Bagnolo Piemonte;Piedmont
Bagnolo San Vito;Lombardy
Bagnoregio;Lazio
Bagolino;Lombardy
Baiano;Campania
Baiso;Emilia-Romagna
Balangero;Piedmont
Baldissero Torinese;Piedmont
Balestrate;Sicilia
Ballabio;Lombardy
Balsorano Nuovo;Abruzzo
Baone;Veneto
Baragiano;Basilicata
Baranello;Molise
Barano d’Ischia;Campania
Baranzate;Lombardy
Barbarano Vicentino;Veneto
Barberino di Mugello;Tuscany
Barberino di Val d’Elsa;Tuscany
Barcellona-Pozzo di Gotto;Sicilia
Bardolino;Veneto
Bardonecchia;Piedmont
Bareggio;Lombardy
Barga;Tuscany
Bargagli;Liguria
Barge;Piedmont
Bari;Puglia
Bari Sardo;Sardegna
Baricella;Emilia-Romagna
Barile;Basilicata
Barlassina;Lombardy
Barletta;Puglia
Baronissi;Campania
Barrafranca;Sicilia
Barzanò;Lombardy
Baschi;Umbria
Baselga di Pinè;Trentino-Alto Adige
Basiliano;Friuli-Venezia Giulia
Bassano del Grappa;Veneto
Bassano Romano;Lazio
Bastiglia;Emilia-Romagna
Battaglia Terme;Veneto
Battipaglia;Campania
Baunei;Sardegna
Baveno;Piedmont
Bedonia;Emilia-Romagna
Beinasco;Piedmont
Beinette;Piedmont
Belfiore;Veneto
Belgioioso;Lombardy
Bella;Basilicata
Bellagio;Lombardy
Bellano;Lombardy
Bellante;Abruzzo
Bellegra;Lazio
Bellinzago Novarese;Piedmont
Bellona;Campania
Belluno;Veneto
Belmonte Mezzagno;Sicilia
Belpasso;Sicilia
Belvedere Marittimo;Calabria
Bene Vagienna;Piedmont
Benestare;Calabria
Benevento;Campania
Bentivoglio;Emilia-Romagna
Berbenno di Valtellina;Lombardy
Berchidda;Sardegna
Bereguardo;Lombardy
Bergamo;Lombardy
Bergantino;Veneto
Berlingo;Lombardy
Bernalda;Basilicata
Bernate Ticino;Lombardy
Berra;Emilia-Romagna
Bertinoro;Emilia-Romagna
Berzo Inferiore;Lombardy
Besana in Brianza;Lombardy
Besano;Lombardy
Besenello;Trentino-Alto Adige
Besnate;Lombardy
Besozzo;Lombardy
Bettola;Emilia-Romagna
Bettona;Umbria
Bevagna;Umbria
Biancavilla;Sicilia
Bianco;Calabria
Biandronno;Lombardy
Biassono;Lombardy
Bibbiano;Emilia-Romagna
Bibbiena;Tuscany
Bibbona;Tuscany
Biccari;Puglia
Biella;Piedmont
Bienno;Lombardy
Bientina;Tuscany
Binasco;Lombardy
Bisaccia;Campania
Bisacquino;Sicilia
Bisceglie;Puglia
Bisignano;Calabria
Bitetto;Puglia
Bitonto;Puglia
Bitritto;Puglia
Bitti;Sardegna
Bivona;Sicilia
Blera;Lazio
Bobbio;Emilia-Romagna
Boffalora sopra Ticino;Lombardy
Bogliasco;Liguria
Boiano;Molise
Bolano;Liguria
Bollate;Lombardy
Bologna;Emilia-Romagna
Bolognetta;Sicilia
Bolotana;Sardegna
Bolsena;Lazio
Bolzano;Trentino-Alto Adige
Bolzano Vicentino;Veneto
Bomporto;Emilia-Romagna
Bonate di Sopra;Lombardy
Bondeno;Emilia-Romagna
Bonifati;Calabria
Bonorva;Sardegna
Bordighera;Liguria
Boretto;Emilia-Romagna
Borgaro Torinese;Piedmont
Borgetto;Sicilia
Borghetto Lodigiano;Lombardy
Borghetto Santo Spirito;Liguria
Borghi;Emilia-Romagna
Borgo;Trentino-Alto Adige
Borgo a Mozzano;Tuscany
Borgo San Dalmazzo;Piedmont
Borgo San Giacomo;Lombardy
Borgo San Lorenzo;Tuscany
Borgo Ticino;Piedmont
Borgo Tossignano;Emilia-Romagna
Borgo Val di Taro;Emilia-Romagna
Borgofranco d’Ivrea;Piedmont
Borgomanero;Piedmont
Borgonovo Val Tidone;Emilia-Romagna
Borgoricco;Veneto
Borgorose;Lazio
Borgosatollo;Lombardy
Borgosesia;Piedmont
Bormio;Lombardy
Bornasco;Lombardy
Borso del Grappa;Veneto
Bosa;Sardegna
Bosco Chiesanuova;Veneto
Bosconero;Piedmont
Boscoreale;Campania
Boscotrecase;Campania
Bosisio Parini;Lombardy
Botricello;Calabria
Botrugno;Puglia
Bottanuco;Lombardy
Botticino Sera;Lombardy
Bova Marina;Calabria
Bovalino Marina;Calabria
Boves;Piedmont
Bovezzo;Lombardy
Boville Ernica;Lazio
Bovino;Puglia
Bovisio Masciago;Lombardy
Bovolenta;Veneto
Bovolone;Veneto
Bra;Piedmont
Bracciano;Lazio
Bracigliano;Campania
Brancaleone Superiore;Calabria
Brandizzo;Piedmont
Brebbia;Lombardy
Breda di Piave;Veneto
Breganze;Veneto
Brembate;Lombardy
Brembilla;Lombardy
Brembio;Lombardy
Brendola;Veneto
Breno;Lombardy
Brentonico;Trentino-Alto Adige
Brescello;Emilia-Romagna
Brescia;Lombardy
Bressana Bottarone;Lombardy
Bressanone;Trentino-Alto Adige
Bressanvido;Veneto
Bresso;Lombardy
Briatico;Calabria
Bricherasio;Piedmont
Briga Novarese;Piedmont
Brignano Gera d’Adda;Lombardy
Brindisi;Puglia
Brisighella;Emilia-Romagna
Brivio;Lombardy
Brolo;Sicilia
Broni;Lombardy
Bronte;Sicilia
Bronzolo;Trentino-Alto Adige
Brugherio;Lombardy
Brugine;Veneto
Brugnera;Friuli-Venezia Giulia
Bruino;Piedmont
Brunico;Trentino-Alto Adige
Brusciano;Campania
Bucchianico;Abruzzo
Buccino;Campania
Bucine;Tuscany
Buddusò;Sardegna
Budoia;Friuli-Venezia Giulia
Budrio;Emilia-Romagna
Buia;Friuli-Venezia Giulia
Buonabitacolo;Campania
Buonconvento;Tuscany
Burcèi;Sardegna
Burgio;Sicilia
Busalla;Liguria
Busca;Piedmont
Buscate;Lombardy
Busseto;Emilia-Romagna
Bussolengo;Veneto
Bussoleno;Piedmont
Busto Arsizio;Lombardy
Busto Garolfo;Lombardy
Butera;Sicilia
Buti;Tuscany
Buttapietra;Veneto
Buttigliera Alta;Piedmont
Buttrio;Friuli-Venezia Giulia
Caccamo;Sicilia
Cadelbosco di Sopra;Emilia-Romagna
Cadeo;Emilia-Romagna
Cadoneghe;Veneto
Caerano di San Marco;Veneto
Caggiano;Campania
Cagli;Marche
Cagliari;Sardegna
Cagnano Varano;Puglia
Caiazzo;Campania
Cairate;Lombardy
Cairo Montenotte;Liguria
Caivano;Campania
Calangianus;Sardegna
Calascibetta;Sicilia
Calatabiano;Sicilia
Calatafimi;Sicilia
Calci;Tuscany
Calcinaia;Tuscany
Calcinate;Lombardy
Calcinato;Lombardy
Calderara di Reno;Emilia-Romagna
Caldogno;Veneto
Caldonazzo;Trentino-Alto Adige
Calenzano;Tuscany
Calimera;Puglia
Calitri;Campania
Calolziocorte;Lombardy
Caltabellotta;Sicilia
Caltagirone;Sicilia
Caltanissetta;Sicilia
Caltavuturo;Sicilia
Caltignaga;Piedmont
Caltrano;Veneto
Calusco d’Adda;Lombardy
Caluso;Piedmont
Calvenzano;Lombardy
Calvisano;Lombardy
Calvizzano;Campania
Camaiore;Tuscany
Cambiago;Lombardy
Cambiano;Piedmont
Camerano;Marche
Camerata Picena;Marche
Cameri;Piedmont
Camerino;Marche
Camerota;Campania
Camisano Vicentino;Veneto
Cammarata;Sicilia
Camogli;Liguria
Campagna;Campania
Campagna Lupia;Veneto
Campagnano di Roma;Lazio
Campagnola Emilia;Emilia-Romagna
Campegine;Emilia-Romagna
Campi Bisenzio;Tuscany
Campi Salentina;Puglia
Campiglia Marittima;Tuscany
Campli;Abruzzo
Campo Ligure;Liguria
Campo San Martino;Veneto
Campobasso;Molise
Campobello di Licata;Sicilia
Campobello di Mazara;Sicilia
Campodarsego;Veneto
Campodipietra;Molise
Campodoro;Veneto
Campofelice di Roccella;Sicilia
Campoformido;Friuli-Venezia Giulia
Campofranco;Sicilia
Campogalliano;Emilia-Romagna
Campolongo Maggiore;Veneto
Campomarino;Molise
Campomorone;Liguria
Camponogara;Veneto
Camporeale;Sicilia
Camporosso;Liguria
Camposampiero;Veneto
Camposano;Campania
Camposanto;Emilia-Romagna
Canale;Piedmont
Canale Monterano;Lazio
Canaro;Veneto
Cancello;Campania
Candela;Puglia
Candelo;Piedmont
Candiolo;Piedmont
Canegrate;Lombardy
Canelli;Piedmont
Canepina;Lazio
Caneva;Friuli-Venezia Giulia
Canicattì;Sicilia
Canicattini Bagni;Sicilia
Canino;Lazio
Cannara;Umbria
Canneto sull’Oglio;Lombardy
Cannobio;Piedmont
Canosa di Puglia;Puglia
Canossa;Emilia-Romagna
Canova;Lombardy
Cantù;Lombardy
Cantagallo;Tuscany
Cantalice;Lazio
Canzo;Lombardy
Caorle;Veneto
Caorso;Emilia-Romagna
Capaci;Sicilia
Capalbio;Tuscany
Capannoli;Tuscany
Capannori;Tuscany
Capena;Lazio
Capistrello;Abruzzo
Capizzi;Sicilia
Capo d’Orlando;Sicilia
Capo di Ponte;Lombardy
Capocasale;Calabria
Capodrise;Campania
Capoliveri;Tuscany
Caposele;Campania
Capoterra;Sardegna
Cappella Maggiore;Veneto
Cappelle sul Tavo;Abruzzo
Capranica;Lazio
Caprarola;Lazio
Capri;Campania
Capri Leone;Sicilia
Capriate San Gervasio;Lombardy
Caprino Bergamasco;Lombardy
Caprino Veronese;Veneto
Capriolo;Lombardy
Capua;Campania
Capurso;Puglia
Caraglio;Piedmont
Carapelle;Puglia
Carasco;Liguria
Carate Brianza;Lombardy
Caravaggio;Lombardy
Caravate;Lombardy
Carbonera;Veneto
Carbonia;Sardegna
Carcare;Liguria
Cardito;Campania
Cariati;Calabria
Carignano;Piedmont
Carimate;Lombardy
Carini;Sicilia
Carinola;Campania
Carlazzo;Lombardy
Carlentini;Sicilia
Carlino;Friuli-Venezia Giulia
Carloforte;Sardegna
Carmagnola;Piedmont
Carmiano;Puglia
Carmignano;Tuscany
Carmignano di Brenta;Veneto
Carnago;Lombardy
Carnate;Lombardy
Carolei;Calabria
Caronia;Sicilia
Carosino;Puglia
Carovigno;Puglia
Carpaneto Piacentino;Emilia-Romagna
Carpenedolo;Lombardy
Carpi;Emilia-Romagna
Carpiano;Lombardy
Carpignano Salentino;Puglia
Carpignano Sesia;Piedmont
Carpineti;Emilia-Romagna
Carpineto Romano;Lazio
Carpino;Puglia
Carrù;Piedmont
Carrara;Tuscany
Carsoli;Abruzzo
Cartoceto;Marche
Carugate;Lombardy
Carvico;Lombardy
Casabona;Calabria
Casal di Principe;Campania
Casal Fiumanese;Emilia-Romagna
Casal Velino;Campania
Casalbordino;Abruzzo
Casalbuttano;Lombardy
Casale Corte Cerro;Piedmont
Casale di Scodosia;Veneto
Casale Monferrato;Piedmont
Casale sul Sile;Veneto
Casalecchio di Reno;Emilia-Romagna
Casaleone;Veneto
Casalgrande;Emilia-Romagna
Casalincontrada;Abruzzo
Casalmaggiore;Lombardy
Casalmaiocco;Lombardy
Casalnuovo di Napoli;Campania
Casaloldo;Lombardy
Casalpusterlengo;Lombardy
Casalserugo;Veneto
Casaluce;Campania
Casalvieri;Lazio
Casamarciano;Campania
Casamassima;Puglia
Casandrino;Campania
Casapulla;Campania
Casarano;Puglia
Casarsa della Delizia;Friuli-Venezia Giulia
Casatenovo;Lombardy
Casazza;Lombardy
Cascia;Umbria
Cascina;Tuscany
Caselette;Piedmont
Casella;Liguria
Caselle Lurani;Lombardy
Caselle Torinese;Piedmont
Caserta;Campania
Casièr;Veneto
Casina;Emilia-Romagna
Casirate d’Adda;Lombardy
Casirile;Lombardy
Casnigo;Lombardy
Casola di Napoli;Campania
Casola Valsenio;Emilia-Romagna
Casole Bruzio;Calabria
Casole d’Elsa;Tuscany
Casoli;Abruzzo
Casorate Primo;Lombardy
Casorate Sempione;Lombardy
Casorezzo;Lombardy
Casoria;Campania
Cassacco;Friuli-Venezia Giulia
Cassano al Ionio;Calabria
Cassano d’Adda;Lombardy
Cassano delle Murge;Puglia
Cassina de’ Pecchi;Lombardy
Cassine;Piedmont
Cassino;Lazio
Cassolnovo;Lombardy
Castagnaro;Veneto
Castagneto Carducci;Tuscany
Castagnole Lanze;Piedmont
Castano Primo;Lombardy
Casteggio;Lombardy
Castegnato;Lombardy
Castel Bolognese;Emilia-Romagna
Castel d’Ario;Lombardy
Castel del Piano;Tuscany
Castel di Casio;Emilia-Romagna
Castel di Iudica;Sicilia
Castel di Sangro;Abruzzo
Castel Focognano;Tuscany
Castel Gandolfo;Lazio
Castel Goffredo;Lombardy
Castel Guelfo di Bologna;Emilia-Romagna
Castel Madama;Lazio
Castel Maggiore;Emilia-Romagna
Castel Mella;Lombardy
Castel Ritaldi;Umbria
Castel San Giorgio;Campania
Castel San Giovanni;Emilia-Romagna
Castel San Niccolò;Tuscany
Castel San Pietro Terme;Emilia-Romagna
Castel Sant’Elia;Lazio
Castel Viscardo;Umbria
Castel Volturno;Campania
Castelbellino;Marche
Castelbuono;Sicilia
Casteldaccia;Sicilia
Castelfidardo;Marche
Castelfiorentino;Tuscany
Castelforte;Lazio
Castelfranco di Sotto;Tuscany
Castelfranco Emilia;Emilia-Romagna
Castelfranco Veneto;Veneto
Castelfrentano;Abruzzo
Castelgomberto;Veneto
Castell’Alfero;Piedmont
Castell’Arquato;Emilia-Romagna
Castell’Umberto;Sicilia
Castellabate;Campania
Castellalto;Abruzzo
Castellammare del Golfo;Sicilia
Castellammare di Stabia;Campania
Castellamonte;Piedmont
Castellana Grotte;Puglia
Castellana Sicula;Sicilia
Castellaneta;Puglia
Castellanza;Lombardy
Castellarano;Emilia-Romagna
Castellazzo Bormida;Piedmont
Castelleone;Lombardy
Castelletto sopra Ticino;Piedmont
Castelli Calepio;Lombardy
Castellina in Chianti;Tuscany
Castelliri;Lazio
Castello d’Argile;Emilia-Romagna
Castello di Godego;Veneto
Castellucchio;Lombardy
Castelmassa;Lombardy
Castelnovo di Sotto;Emilia-Romagna
Castelnovo ne’ Monti;Emilia-Romagna
Castelnuovo Berardenga;Tuscany
Castelnuovo Cilento;Campania
Castelnuovo di Garfagnana;Tuscany
Castelnuovo di Magra;Liguria
Castelnuovo di Porto;Lazio
Castelnuovo di Verona;Veneto
Castelnuovo Don Bosco;Piedmont
Castelnuovo Rangone;Emilia-Romagna
Castelnuovo Scrivia;Piedmont
Castelplanio;Marche
Castelraimondo;Marche
Castelsardo;Sardegna
Casteltermini;Sicilia
Castelvenere;Campania
Castelverde;Lombardy
Castelvetrano;Sicilia
Castelvetro di Modena;Emilia-Romagna
Castelvetro Piacentino;Emilia-Romagna
Castenaso;Emilia-Romagna
Castenedolo;Lombardy
Castiòns di Strada;Friuli-Venezia Giulia
Castiglion Fiorentino;Tuscany
Castiglione Cosentino;Calabria
Castiglione d’Adda;Lombardy
Castiglione dei Pepoli;Emilia-Romagna
Castiglione del Lago;Umbria
Castiglione della Pescaia;Tuscany
Castiglione delle Stiviere;Lombardy
Castiglione di Sicilia;Sicilia
Castiglione Olona;Lombardy
Castignano;Marche
Castione della Presolana;Lombardy
Castri di Lecce;Puglia
Castrignano de’ Greci;Puglia
Castrignano del Capo;Puglia
Castro dei Volsci;Lazio
Castrocielo;Lazio
Castrofilippo;Sicilia
Castrolibero;Calabria
Castronno;Lombardy
Castronuovo di Sicilia;Sicilia
Castrovillari;Calabria
Catania;Sicilia
Catanzaro;Calabria
Catenanuova;Sicilia
Cattolica;Emilia-Romagna
Cattolica Eraclea;Sicilia
Caulonia;Calabria
Cava de’ Tirreni;Campania
Cava Manara;Lombardy
Cavaglià;Piedmont
Cavaion Veronese;Veneto
Cavalese;Trentino-Alto Adige
Cavallermaggiore;Piedmont
Cavallino;Puglia
Cavaria;Lombardy
Cavarzere;Veneto
Cave;Lazio
Cavenago di Brianza;Lombardy
Cavezzo;Emilia-Romagna
Cavour;Piedmont
Cavriago;Emilia-Romagna
Cavriana;Lombardy
Cavriglia;Tuscany
Cazzago San Martino;Lombardy
Ceccano;Lazio
Cecina;Tuscany
Cefalù;Sicilia
Ceggia;Veneto
Ceglie Messapico;Puglia
Celano;Abruzzo
Celico;Calabria
Cellamare;Puglia
Celle Ligure;Liguria
Cellino Attanasio;Abruzzo
Cellino San Marco;Puglia
Cellole;Campania
Cene;Lombardy
Cengio;Liguria
Centallo;Piedmont
Cento;Emilia-Romagna
Centola;Campania
Centuripe;Sicilia
Cepagatti;Abruzzo
Ceppaloni;Campania
Ceprano;Lazio
Cerano;Piedmont
Cercemaggiore;Molise
Cercola;Campania
Cerda;Sicilia
Cerea;Veneto
Ceregnano;Veneto
Ceresara;Lombardy
Cerese;Lombardy
Ceriale;Liguria
Ceriano Laghetto;Lombardy
Cerignola;Puglia
Cerisano;Calabria
Cermenate;Lombardy
Cernobbio;Lombardy
Cernusco sul Naviglio;Lombardy
Cerreto d’Esi;Marche
Cerreto Guidi;Tuscany
Cerreto Sannita;Campania
Cerrione;Piedmont
Cerro Maggiore;Lombardy
Certaldo;Tuscany
Certosa di Pavia;Lombardy
Cervaro;Lazio
Cerveteri;Lazio
Cervia;Emilia-Romagna
Cervignano del Friuli;Friuli-Venezia Giulia
Cesa;Campania
Cesano Maderno;Lombardy
Cesena;Emilia-Romagna
Cesenatico;Emilia-Romagna
Cesiomaggiore;Veneto
Cessalto;Veneto
Cessaniti;Calabria
Cetona;Tuscany
Cetraro;Calabria
Ceva;Piedmont
Châtillon;Valle d’Aosta
Cherasco;Piedmont
Chiampo;Veneto
Chianciano Terme;Tuscany
Chiaramonte Gulfi;Sicilia
Chiarano;Veneto
Chiaravalle;Marche
Chiaravalle Centrale;Calabria
Chiari;Lombardy
Chiavari;Liguria
Chiavenna;Lombardy
Chienes;Trentino-Alto Adige
Chieri;Piedmont
Chiesa in Valmalenco;Lombardy
Chiesina Uzzanese;Tuscany
Chieti;Abruzzo
Chioggia;Veneto
Chions;Friuli-Venezia Giulia
Chiuppano;Veneto
Chiuro;Lombardy
Chiusa;Trentino-Alto Adige
Chiusa di Pesio;Piedmont
Chiusa Sclafani;Sicilia
Chiusi;Tuscany
Chivasso;Piedmont
Ciampino;Lazio
Cianciana;Sicilia
Cicagna;Liguria
Cicciano;Campania
Cigliano;Piedmont
Cilavegna;Lombardy
Cimadolmo;Veneto
Ciminna;Sicilia
Cimitile;Campania
Cingoli;Marche
Cinigiano;Tuscany
Cinisello Balsamo;Lombardy
Cinisi;Sicilia
Cinquefrondi;Calabria
Cinto Caomaggiore;Veneto
Cirò Marina;Calabria
Ciriè;Piedmont
Cisano Bergamasco;Lombardy
Ciserano;Lombardy
Cislago;Lombardy
Cisliano;Lombardy
Cison di Valmarino;Veneto
Cisterna di Latina;Lazio
Cisternino;Puglia
Citerna;Umbria
Città della Pieve;Umbria
Città di Castello;Umbria
Città Sant’Angelo;Abruzzo
Cittadella;Veneto
Cittaducale;Lazio
Cittanova;Calabria
Cittiglio;Lombardy
Civezzano;Trentino-Alto Adige
Cividale del Friuli;Friuli-Venezia Giulia
Cividate al Piano;Lombardy
Cividate Camuno;Lombardy
Civita Castellana;Lazio
Civitanova Marche;Marche
Civitavecchia;Lazio
Civitella del Tronto;Abruzzo
Civitella di Romagna;Emilia-Romagna
Civitella in Val di Chiana;Tuscany
Civitella Marittima;Tuscany
Civitella Roveto;Abruzzo
Cles;Trentino-Alto Adige
Clusone;Lombardy
Coazze;Piedmont
Coccaglio;Lombardy
Cocquio Trevisago;Lombardy
Codevigo;Veneto
Codigoro;Emilia-Romagna
Codognè;Veneto
Codogno;Lombardy
Codroipo;Friuli-Venezia Giulia
Cogoleto;Liguria
Cogollo del Cengio;Veneto
Cogorno;Liguria
Colico;Lombardy
Collazzone;Umbria
Colle di Val d’Elsa;Tuscany
Colle Salvetti;Tuscany
Colle Umberto;Veneto
Collecchio;Emilia-Romagna
Collecorvino;Abruzzo
Colleferro;Lazio
Collegno;Piedmont
Collepasso;Puglia
Collesano;Sicilia
Colli del Tronto;Marche
Colliano;Campania
Cologna Veneta;Veneto
Cologne;Lombardy
Cologno al Serio;Lombardy
Cologno Monzese;Lombardy
Colonnella;Abruzzo
Colorno;Emilia-Romagna
Comacchio;Emilia-Romagna
Comerio;Lombardy
Comiso;Sicilia
Como;Lombardy
Comun Nuovo;Lombardy
Comunanza;Marche
Concordia Sagittaria;Veneto
Concordia sulla Secchia;Emilia-Romagna
Concorezzo;Lombardy
Condofuri;Calabria
Condove;Piedmont
Conegliano;Veneto
Conselice;Emilia-Romagna
Conselve;Veneto
Contigliano;Lazio
Contrada;Campania
Contursi;Campania
Conversano;Puglia
Copertino;Puglia
Copparo;Emilia-Romagna
Corato;Puglia
Corbara;Campania
Corbetta;Lombardy
Corchiano;Lazio
Corciano;Umbria
Cordenons;Friuli-Venezia Giulia
Cordignano;Veneto
Cordovado;Friuli-Venezia Giulia
Coreglia Antelminelli;Tuscany
Cori;Lazio
Coriano;Emilia-Romagna
Corigliano Calabro;Calabria
Corigliano d’Otranto;Puglia
Corinaldo;Marche
Corio;Piedmont
Corleone;Sicilia
Corleto Perticara;Basilicata
Cormòns;Friuli-Venezia Giulia
Cormano;Lombardy
Cornaredo;Lombardy
Cornate d’Adda;Lombardy
Cornedo Vicentino;Veneto
Corno di Rosazzo;Friuli-Venezia Giulia
Cornuda;Veneto
Correggio;Emilia-Romagna
Correzzola;Veneto
Corridonia;Marche
Corropoli;Abruzzo
Corsano;Puglia
Corsico;Lombardy
Corte Franca;Lombardy
Cortemaggiore;Emilia-Romagna
Cortina d’Ampezzo;Veneto
Cortona;Tuscany
Cosenza;Calabria
Cossato;Piedmont
Costa di Mezzate;Lombardy
Costa di Rovigo;Veneto
Costa Volpino;Lombardy
Costabissara;Veneto
Costigliole d’Asti;Piedmont
Costigliole Saluzzo;Piedmont
Cotignola;Emilia-Romagna
Cotronei;Calabria
Courmayeur;Valle d’Aosta
Covo;Lombardy
Creazzo;Veneto
Crecchio;Abruzzo
Crema;Lombardy
Cremona;Lombardy
Crescentino;Piedmont
Crespano del Grappa;Veneto
Crevalcore;Emilia-Romagna
Crevola d’Ossola;Piedmont
Crispiano;Puglia
Crocetta del Montello;Veneto
Cropani;Calabria
Crosia;Calabria
Crotone;Calabria
Crucoli;Calabria
Cuggiono;Lombardy
Cuglieri;Sardegna
Cumiana;Piedmont
Cuneo;Piedmont
Cuorgnè;Piedmont
Cupello;Abruzzo
Cupra Marittima;Marche
Cupramontana;Marche
Curinga;Calabria
Curno;Lombardy
Cursi;Puglia
Curtarolo;Veneto
Cusano Milanino;Lombardy
Cusano Mutri;Campania
Custonaci;Sicilia
Cutro;Calabria
Cutrofiano;Puglia
Dairago;Lombardy
Dalmine;Lombardy
Davoli;Calabria
Decimomannu;Sardegna
Decimoputzu;Sardegna
Decollatura;Calabria
Delebio;Lombardy
Delianuova;Calabria
Deliceto;Puglia
Dello;Lombardy
Deruta;Umbria
Dervio;Lombardy
Desenzano del Garda;Lombardy
Desio;Lombardy
Diamante;Calabria
Diano d’Alba;Piedmont
Diano Marina;Liguria
Dicomano;Tuscany
Diso;Puglia
Dobbiaco;Trentino-Alto Adige
Dogliani;Piedmont
Dolcè;Veneto
Dolianova;Sardegna
Dolo;Veneto
Domodossola;Piedmont
Domusnovas;Sardegna
Dongo;Lombardy
Donnaz;Valle d’Aosta
Dorgali;Sardegna
Dorno;Lombardy
Dosolo;Lombardy
Dovera;Lombardy
Dozza;Emilia-Romagna
Dronero;Piedmont
Druento;Piedmont
Dubino;Lombardy
Dueville;Veneto
Dugenta;Campania
Eboli;Campania
Edolo;Lombardy
Elmas;Sardegna
Empoli;Tuscany
Endine Gaiano;Lombardy
Enna;Sicilia
Eraclea;Veneto
Erchie;Puglia
Ercolano;Campania
Erice;Sicilia
Esine;Lombardy
Esperia;Lazio
Este;Veneto
Fabbrico;Emilia-Romagna
Fabriano;Marche
Fabrica di Roma;Lazio
Fabro;Umbria
Faedis;Friuli-Venezia Giulia
Faenza;Emilia-Romagna
Fagagna;Friuli-Venezia Giulia
Faggiano;Puglia
Fagnano Castello;Calabria
Fagnano Olona;Lombardy
Faicchio;Campania
Falciano Selice;Campania
Falconara Marittima;Marche
Falcone;Sicilia
Falerna;Calabria
Falerone;Marche
Fanano;Emilia-Romagna
Fano;Marche
Fara Gera d’Adda;Lombardy
Fara in Sabina;Lazio
Fara Vicentino;Veneto
Farra di Soligo;Veneto
Fasano;Puglia
Fauglia;Tuscany
Favara;Sicilia
Favignana;Sicilia
Favria;Piedmont
Felino;Emilia-Romagna
Feltre;Veneto
Ferentino;Lazio
Fermignano;Marche
Fermo;Marche
Ferno;Lombardy
Ferrandina;Basilicata
Ferrara;Emilia-Romagna
Ferrazzano;Molise
Fiano;Piedmont
Fiano Romano;Lazio
Ficarazzi;Sicilia
Fidenza;Emilia-Romagna
Fiesole;Tuscany
Fiesso d’Artico;Veneto
Fiesso Umbertiano;Emilia-Romagna
Figline Valdarno;Tuscany
Filiano;Basilicata
Filottrano;Marche
Finale Emilia;Emilia-Romagna
Finale Ligure;Liguria
Fino Mornasco;Lombardy
Fiorano Modenese;Emilia-Romagna
Fiorenzuola d’Arda;Emilia-Romagna
Firenzuola;Tuscany
Fisciano;Campania
Fiuggi;Lazio
Fiume Veneto;Friuli-Venezia Giulia
Fiumefreddo Bruzio;Calabria
Fiumefreddo di Sicilia;Sicilia
Fiumicino;Lazio
Fivizzano;Tuscany
Flero;Lombardy
Florence;Tuscany
Floridia;Sicilia
Flumeri;Campania
Fluminimaggiore;Sardegna
Foggia;Puglia
Foglianise;Campania
Fogliano Redipúglia;Friuli-Venezia Giulia
Foiano della Chiana;Tuscany
Folgaria;Trentino-Alto Adige
Folignano;Marche
Foligno;Umbria
Follina;Veneto
Follonica;Tuscany
Fondi;Lazio
Fonni;Sardegna
Fontana Liri;Lazio
Fontanafredda;Friuli-Venezia Giulia
Fontanarosa;Campania
Fontanellato;Emilia-Romagna
Fontanelle;Veneto
Fontaneto d’Agogna;Piedmont
Fontaniva;Veneto
Fontevivo;Emilia-Romagna
Fonzaso;Veneto
Forano;Lazio
Forino;Campania
Forio;Campania
Forlì;Emilia-Romagna
Forlimpopoli;Emilia-Romagna
Formello;Lazio
Formia;Lazio
Formigine;Emilia-Romagna
Formignana;Emilia-Romagna
Forno Canavese;Piedmont
Fornovo di Taro;Emilia-Romagna
Fornovo San Giovanni;Lombardy
Forte dei Marmi;Tuscany
Fosdinovo;Tuscany
Fossò;Veneto
Fossacesia;Abruzzo
Fossalta di Piave;Veneto
Fossalta di Portogruaro;Veneto
Fossano;Piedmont
Fossato di Vico;Umbria
Fossombrone;Marche
Fragagnano;Puglia
Francavilla al Mare;Abruzzo
Francavilla di Sicilia;Sicilia
Francavilla Fontana;Puglia
Francavilla in Sinni;Basilicata
Francavilla Marittima;Calabria
Francofonte;Sicilia
Francolise;Campania
Frascati;Lazio
Fratta Polesine;Veneto
Frattamaggiore;Campania
Frattaminore;Campania
Fregona;Veneto
Frigento;Campania
Frosinone;Lazio
Frosolone;Molise
Fucecchio;Tuscany
Fumane;Veneto
Furci Siculo;Sicilia
Fuscaldo;Calabria
Fusignano;Emilia-Romagna
Gabicce;Marche
Gaeta;Lazio
Gaggi;Sicilia
Gaggiano;Lombardy
Gaggio Montano;Emilia-Romagna
Gaglianico;Piedmont
Gagliano Castelferrato;Sicilia
Gagliano del Capo;Puglia
Gaiarine;Veneto
Gaiole in Chianti;Tuscany
Gais;Trentino-Alto Adige
Galati Mamertino;Sicilia
Galatina;Puglia
Galatone;Puglia
Galbiate;Lombardy
Galeata;Emilia-Romagna
Gallarate;Lombardy
Gallese;Lazio
Galliate;Piedmont
Gallicano;Tuscany
Gallicano nel Lazio;Lazio
Galliera;Emilia-Romagna
Galliera Veneta;Veneto
Gallipoli;Puglia
Galzignano;Veneto
Gambara;Lombardy
Gambassi;Tuscany
Gambettola;Emilia-Romagna
Gambolò;Lombardy
Gandino;Lombardy
Garbagnate Milanese;Lombardy
Garda;Veneto
Gardone Riviera;Lombardy
Gardone Val Trompia;Lombardy
Garessio;Piedmont
Gargnano;Lombardy
Garlasco;Lombardy
Gassino Torinese;Piedmont
Gattatico;Emilia-Romagna
Gatteo;Emilia-Romagna
Gattinara;Piedmont
Gavardo;Lombardy
Gavirate;Lombardy
Gavoi;Sardegna
Gavorrano;Tuscany
Gazoldo degli Ippoliti;Lombardy
Gazzaniga;Lombardy
Gazzo;Veneto
Gazzo Veronese;Veneto
Gela;Sicilia
Gemona del Friuli;Friuli-Venezia Giulia
Gemonio;Lombardy
Genazzano;Lazio
Genoa;Liguria
Genola;Piedmont
Genzano di Lucania;Basilicata
Genzano di Roma;Lazio
Gerace;Calabria
Gessate;Lombardy
Gesualdo;Campania
Ghedi;Lombardy
Ghemme;Piedmont
Ghilarza;Sardegna
Ghisalba;Lombardy
Giano dell’Umbria;Umbria
Giardini;Sicilia
Giarratana;Sicilia
Giarre;Sicilia
Giaveno;Piedmont
Giavera del Montello;Veneto
Gibellina;Sicilia
Giffoni Valle Piana;Campania
Gimigliano;Calabria
Ginosa;Puglia
Gioia del Colle;Puglia
Gioia Sannitica;Campania
Gioia Tauro;Calabria
Gioiosa Ionica;Calabria
Gioiosa Marea;Sicilia
Giovinazzo;Puglia
Girifalco;Calabria
Gissi;Abruzzo
Giugliano in Campania;Campania
Giulianova;Abruzzo
Giussago;Lombardy
Giussano;Lombardy
Gizzeria;Calabria
Godega di Sant’Urbano;Veneto
Godiasco;Lombardy
Goito;Lombardy
Golasecca;Piedmont
Gonàrs;Friuli-Venezia Giulia
Gonnesa;Sardegna
Gonnosfanàdiga;Sardegna
Gonzaga;Lombardy
Gorgo al Monticano;Veneto
Gorgonzola;Lombardy
Gorizia;Friuli-Venezia Giulia
Gorla Maggiore;Lombardy
Gorle;Lombardy
Goro;Emilia-Romagna
Gossolengo;Emilia-Romagna
Gottolengo;Lombardy
Gozzano;Piedmont
Gradara;Marche
Gradisca d’Isonzo;Friuli-Venezia Giulia
Gragnano;Campania
Gragnano Trebbiense;Emilia-Romagna
Grammichele;Sicilia
Granarolo del l’Emilia;Emilia-Romagna
Grandate;Lombardy
Grantorto;Veneto
Grassano;Basilicata
Gravedona;Lombardy
Gravellona Toce;Piedmont
Gravina in Puglia;Puglia
Grazzanise;Campania
Gressan;Valle d’Aosta
Grezzana;Veneto
Gricignano d’Aversa;Campania
Grignasco;Piedmont
Grisignano di Zocco;Veneto
Gropello Cairoli;Lombardy
Grosio;Lombardy
Grosseto;Tuscany
Grottaferrata;Lazio
Grottaglie;Puglia
Grottaminarda;Campania
Grottammare;Marche
Grottazzolina;Marche
Grotte;Sicilia
Grotte di Castro;Lazio
Grotteria;Calabria
Gruaro;Veneto
Grugliasco;Piedmont
Grumello del Monte;Lombardy
Grumo Appula;Puglia
Grumo Nevano;Campania
Grumolo delle Abbadesse;Veneto
Guagnano;Puglia
Gualdo Cattaneo;Umbria
Gualdo Tadino;Umbria
Gualtieri;Emilia-Romagna
Guardamiglio;Lombardy
Guardavalle;Calabria
Guardia Sanframondi;Campania
Guardiagrele;Abruzzo
Guarno;Calabria
Guasila;Sardegna
Guastalla;Emilia-Romagna
Gubbio;Umbria
Guglionesi;Molise
Guidizzolo;Lombardy
Guiglia;Emilia-Romagna
Guspini;Sardegna
Gussago;Lombardy
Gussola;Lombardy
Iesi;Marche
Iesolo;Veneto
Iglesias;Sardegna
Illasi;Veneto
Imola;Emilia-Romagna
Imperia;Liguria
Impruneta;Tuscany
Induno Olona;Lombardy
Inverigo;Lombardy
Inveruno;Lombardy
Inzago;Lombardy
Iolanda di Savoia;Emilia-Romagna
Irsina;Basilicata
Ischia;Campania
Ischitella;Puglia
Iseo;Lombardy
Isernia;Molise
Isola Capo Rizzuto;Calabria
Isola del Gran Sasso d’Italia;Abruzzo
Isola del Liri;Lazio
Isola della Scala;Veneto
Isola delle Femmine;Sicilia
Isola Vicentina;Veneto
Isorella;Lombardy
Ispica;Sicilia
Ispra;Lombardy
Istrana;Veneto
Itri;Lazio
Ittiri;Sardegna
Ivrea;Piedmont
Jerzu;Sardegna
L’Aquila;Abruzzo
La Loggia;Piedmont
La Maddalena;Sardegna
La Morra;Piedmont
La Spezia;Liguria
Labico;Lazio
Lacchiarella;Lombardy
Lacco Ameno;Campania
Laces;Trentino-Alto Adige
Ladispoli;Lazio
Lago;Calabria
Lagonegro;Basilicata
Lagosanto;Emilia-Romagna
Lagundo;Trentino-Alto Adige
Lainate;Lombardy
Laion;Trentino-Alto Adige
Laives;Trentino-Alto Adige
Lallio;Lombardy
Lama Mocogno;Emilia-Romagna
Lamon;Veneto
Lamporecchio;Tuscany
Lana;Trentino-Alto Adige
Lanciano;Abruzzo
Landriano;Lombardy
Langhirano;Emilia-Romagna
Lanusei;Sardegna
Lanuvio;Lazio
Lanzo Torinese;Piedmont
Lariano;Lazio
Larino;Molise
Lasa;Trentino-Alto Adige
Lascari;Sicilia
Lastra a Signa;Tuscany
Laterina;Tuscany
Laterza;Puglia
Latiano;Puglia
Latina;Lazio
Latisana;Friuli-Venezia Giulia
Latronico;Basilicata
Lattarico;Calabria
Laureana di Borrello;Calabria
Lauria Inferiore;Basilicata
Lauro;Campania
Lavagna;Liguria
Lavello;Basilicata
Laveno-Mombello;Lombardy
Lavis;Trentino-Alto Adige
Lazise;Veneto
Lecce;Puglia
Lecco;Lombardy
Legnago;Veneto
Legnano;Lombardy
Legnaro;Veneto
Leinì;Piedmont
Lendinara;Veneto
Leno;Lombardy
Lentate sul Seveso;Lombardy
Lentiai;Veneto
Lentini;Sicilia
Leonforte;Sicilia
Leporano;Puglia
Lequile;Puglia
Lercara Friddi;Sicilia
Lerici;Liguria
Lesignano de’ Bagni;Emilia-Romagna
Lesina;Puglia
Lessona;Piedmont
Lestizza;Friuli-Venezia Giulia
Letoianni;Sicilia
Lettomanoppello;Abruzzo
Leverano;Puglia
Levico Terme;Trentino-Alto Adige
Licata;Sicilia
Licciana Nardi;Tuscany
Licodia Eubea;Sicilia
Lignano Sabbiadoro;Friuli-Venezia Giulia
Limana;Veneto
Limatola;Campania
Limbadi;Calabria
Limbiate;Lombardy
Limena;Veneto
Linguaglossa;Sicilia
Lioni;Campania
Lipari;Sicilia
Liscate;Lombardy
Lissone;Lombardy
Livigno;Lombardy
Livorno;Tuscany
Livorno Ferraris;Piedmont
Lizzanello;Puglia
Lizzano;Puglia
Loano;Liguria
Locate di Triulzi;Lombardy
Locate Varesino;Lombardy
Locorotondo;Puglia
Locri;Calabria
Lodi;Lombardy
Lodi Vecchio;Lombardy
Lograto;Lombardy
Loiano;Emilia-Romagna
Lomagna;Lombardy
Lomazzo;Lombardy
Lonate Ceppino;Lombardy
Lonate Pozzolo;Lombardy
Longare;Veneto
Longarone;Veneto
Longiano;Emilia-Romagna
Longobucco;Calabria
Lonigo;Veneto
Loreggia;Veneto
Loreo;Veneto
Loreto;Marche
Loreto Aprutino;Abruzzo
Loria;Veneto
Loro Ciuffenna;Tuscany
Lovere;Lombardy
Lozzo Atestino;Veneto
Lucca;Tuscany
Lucera;Puglia
Lucignano;Tuscany
Luco dei Marsi;Abruzzo
Lugagnano Val d’Arda;Emilia-Romagna
Luino;Lombardy
Lungro;Calabria
Lurago d’Erba;Lombardy
Lurago Marinone;Lombardy
Luras;Sardegna
Lurate Caccivio;Lombardy
Luserna San Giovanni;Piedmont
Lusia;Veneto
Lusiana;Veneto
Luzzara;Lombardy
Luzzi;Calabria
Múggia;Friuli-Venezia Giulia
Mògoro;Sardegna
Macerata;Marche
Macerata Campania;Campania
Macomer;Sardegna
Maddaloni;Campania
Madignano;Lombardy
Maenza;Lazio
Magenta;Lombardy
Magione;Umbria
Magliano de’ Marsi;Abruzzo
Magliano in Toscana;Tuscany
Magliano Sabina;Lazio
Maglie;Puglia
Magnago;Lombardy
Maiano;Friuli-Venezia Giulia
Maiolati Spontini;Marche
Maiori;Campania
Mairano;Lombardy
Malalbergo;Emilia-Romagna
Malcesine;Veneto
Maleo;Lombardy
Maletto;Sicilia
Malgrate;Lombardy
Malles Venosta;Trentino-Alto Adige
Malnate;Lombardy
Malo;Veneto
Malonno;Lombardy
Mammola;Calabria
Mamoiada;Sardegna
Manciano;Tuscany
Mandatoriccio;Calabria
Mandello del Lario;Lombardy
Manduria;Puglia
Manerbio;Lombardy
Manfredonia;Puglia
Maniago;Friuli-Venezia Giulia
Manocalzati;Campania
Manoppello;Abruzzo
Mansuè;Veneto
Manta;Piedmont
Mantova;Lombardy
Manziana;Lazio
Mapello;Lombardy
Maracalagonis;Sardegna
Maranello;Emilia-Romagna
Marano di Napoli;Campania
Marano di Valpolicella;Veneto
Marano Marchesato;Calabria
Marano Principato;Calabria
Marano sul Panaro;Emilia-Romagna
Marano Vicentino;Veneto
Maratea;Basilicata
Marcallo con Casone;Lombardy
Marcaria;Lombardy
Marcellina;Lazio
Marcheno;Lombardy
Marcianise;Campania
Marcon;Veneto
Marene;Piedmont
Mareno di Piave;Veneto
Margherita di Savoia;Puglia
Mariano Comense;Lombardy
Mariglianella;Campania
Marigliano;Campania
Marina di Gioiosa Ionica;Calabria
Marineo;Sicilia
Marino;Lazio
Marlengo;Trentino-Alto Adige
Marliana;Tuscany
Marmirolo;Lombardy
Marnate;Lombardy
Marone;Lombardy
Marostica;Veneto
Marrùbiu;Sardegna
Marradi;Tuscany
Marsala;Sicilia
Marsciano;Umbria
Marsico Nuovo;Basilicata
Marsico Vetere;Basilicata
Martano;Puglia
Martellago;Veneto
Martignacco;Friuli-Venezia Giulia
Martina Franca;Puglia
Martinengo;Lombardy
Martinsicuro;Abruzzo
Maruggio;Puglia
Marzabotto;Emilia-Romagna
Mascali;Sicilia
Mascalucia;Sicilia
Maser;Veneto
Maserà di Padova;Veneto
Maserada sul Piave;Veneto
Maslianico;Lombardy
Masone;Liguria
Massa;Tuscany
Massa Fiscaglia;Emilia-Romagna
Massa Lombarda;Emilia-Romagna
Massa Marittima;Tuscany
Massa Martana;Umbria
Massafra;Puglia
Massalubrense;Campania
Massarosa;Tuscany
Matelica;Marche
Matera;Basilicata
Mathi;Piedmont
Matino;Puglia
Mattinata;Puglia
Mazara del Vallo;Sicilia
Mazzè;Piedmont
Mazzano Romano;Lazio
Mazzarino;Sicilia
Meda;Lombardy
Mede;Lombardy
Medesano;Emilia-Romagna
Medicina;Emilia-Romagna
Medole;Lombardy
Medolla;Emilia-Romagna
Meduna di Livenza;Veneto
Meina;Piedmont
Mel;Veneto
Meldola;Emilia-Romagna
Mele;Liguria
Melegnano;Lombardy
Melendugno;Puglia
Melfi;Basilicata
Melicucco;Calabria
Melilli;Sicilia
Melissano;Puglia
Melito di Napoli;Campania
Melito di Porto Salvo;Calabria
Melzo;Lombardy
Menaggio;Lombardy
Mendicino;Calabria
Menfi;Sicilia
Mentana;Lazio
Meolo;Veneto
Merano;Trentino-Alto Adige
Merate;Lombardy
Mercato San Severino;Campania
Mercato Saraceno;Emilia-Romagna
Mercogliano;Campania
Mereto di Tomba;Friuli-Venezia Giulia
Merlara;Veneto
Mesagne;Puglia
Mesola;Emilia-Romagna
Mesoraca;Calabria
Messina;Sicilia
Mestre;Veneto
Mestrino;Veneto
Meta;Campania
Mezzani;Emilia-Romagna
Mezzocorona;Trentino-Alto Adige
Mezzojuso;Sicilia
Mezzolombardo;Trentino-Alto Adige
Miane;Veneto
Miggiano;Puglia
Miglianico;Abruzzo
Migliarino;Emilia-Romagna
Mignanego;Liguria
Mignano Monte Lungo;Campania
Milan;Lombardy
Milazzo;Sicilia
Mileto;Calabria
Militello in Val di Catania;Sicilia
Millesimo;Liguria
Mineo;Sicilia
Minerbe;Veneto
Minerbio;Emilia-Romagna
Minervino di Lecce;Puglia
Minervino Murge;Puglia
Minturno;Lazio
Mira;Veneto
Mirabella Eclano;Campania
Mirabella Imbaccari;Sicilia
Miradolo Terme;Lombardy
Mirandola;Emilia-Romagna
Mirano;Veneto
Misano Adriatico;Emilia-Romagna
Misano di Gera d’Adda;Lombardy
Misilmeri;Sicilia
Misinto;Lombardy
Missaglia;Lombardy
Misterbianco;Sicilia
Mistretta;Sicilia
Modena;Emilia-Romagna
Modica;Sicilia
Modigliana;Emilia-Romagna
Modugno;Puglia
Moena;Trentino-Alto Adige
Moglia;Lombardy
Mogliano;Marche
Mogliano Veneto;Veneto
Moiano;Campania
Mola di Bari;Puglia
Molfetta;Puglia
Molinella;Emilia-Romagna
Moliterno;Basilicata
Molochio;Calabria
Molteno;Lombardy
Momo;Piedmont
Monasterace;Calabria
Monastier di Treviso;Veneto
Moncalieri;Piedmont
Moncalvo;Piedmont
Mondavio;Marche
Mondolfo;Marche
Mondovì;Piedmont
Mondragone;Campania
Moneglia;Liguria
Monesiglio;Piedmont
Monforte San Giorgio;Sicilia
Monghidoro;Emilia-Romagna
Mongrando;Piedmont
Monopoli;Puglia
Monreale;Sicilia
Monsampolo del Tronto;Marche
Monsano;Marche
Monselice;Veneto
Monserrato;Sardegna
Monsummano;Tuscany
Montà;Piedmont
Montagnana;Veneto
Montaione;Tuscany
Montalbano Ionico;Basilicata
Montalcino;Tuscany
Montale;Tuscany
Montallegro;Sicilia
Montalto di Castro;Lazio
Montalto Dora;Piedmont
Montalto Uffugo;Calabria
Montanaro;Piedmont
Monte Compatri;Lazio
Monte di Malo;Veneto
Monte di Procida;Campania
Monte Libretti;Lazio
Monte Porzio Catone;Lazio
Monte Roberto;Marche
Monte San Biagio;Lazio
Monte San Giovanni Campano;Lazio
Monte San Giusto;Marche
Monte San Pietro;Emilia-Romagna
Monte San Savino;Tuscany
Monte San Vito;Marche
Monte Sant’Angelo;Puglia
Monte Urano;Marche
Montebello Ionico;Calabria
Montebello Vicentino;Veneto
Montebelluna;Veneto
Montecalvo in Foglia;Marche
Montecalvo Irpino;Campania
Montecalvoli;Tuscany
Montecassiano;Marche
Montecastrilli;Umbria
Montecatini Terme;Tuscany
Montecchia di Crosara;Veneto
Montecchio Emilia;Emilia-Romagna
Montecchio Maggiore;Veneto
Montechiarugolo;Emilia-Romagna
Montecorice;Campania
Montecorvino Rovella;Campania
Montecosaro;Marche
Montefalcione;Campania
Montefalco;Umbria
Montefano;Marche
Montefiascone;Lazio
Monteforte d’Alpone;Veneto
Monteforte Irpino;Campania
Montegiorgio;Marche
Montegranaro;Marche
Montegrotto Terme;Veneto
Monteiasi;Puglia
Montelabbate;Marche
Montelepre;Sicilia
Montelupo Fiorentino;Tuscany
Montelupone;Marche
Montemaggiore al Metauro;Marche
Montemaggiore Belsito;Sicilia
Montemarano;Campania
Montemarciano;Marche
Montemesola;Puglia
Montemiletto;Campania
Montemurlo;Tuscany
Montenero di Bisaccia;Molise
Monteodorisio;Abruzzo
Montepaone;Calabria
Monteprandone;Marche
Montepulciano;Tuscany
Montereale Valcellina;Friuli-Venezia Giulia
Monterenzio;Emilia-Romagna
Monteriggioni;Tuscany
Monteroni d’Arbia;Tuscany
Monteroni di Lecce;Puglia
Monterosi;Lazio
Monterosso Almo;Sicilia
Monterotondo;Lazio
Montesano Salentino;Puglia
Montesano sulla Marcellana;Campania
Montesarchio;Campania
Montescaglioso;Basilicata
Montese;Emilia-Romagna
Montesilvano;Abruzzo
Montespertoli;Tuscany
Montevago;Sicilia
Montevarchi;Tuscany
Monteviale;Veneto
Monticelli d’Ongina;Emilia-Romagna
Monticello Conte Otto;Veneto
Montichiari;Lombardy
Montignoso;Tuscany
Montodine;Lombardy
Montopoli in Sabina;Lazio
Montopoli in Val d’Arno;Tuscany
Montorio al Vomano;Abruzzo
Montorso Vicentino;Veneto
Monza;Lombardy
Monzambano;Lombardy
Monzuno;Emilia-Romagna
Morano Calabro;Calabria
Morbegno;Lombardy
Morciano di Leuca;Puglia
Morciano di Romagna;Emilia-Romagna
Morcone;Campania
Mordano;Emilia-Romagna
Moretta;Piedmont
Morgano;Veneto
Mori;Trentino-Alto Adige
Moriago della Battaglia;Veneto
Moricone;Lazio
Morlupo;Lazio
Mormanno;Calabria
Mornago;Lombardy
Morolo;Lazio
Morro d’Oro;Abruzzo
Morrovalle;Marche
Morsano al Tagliamento;Friuli-Venezia Giulia
Mortara;Lombardy
Mortegliano;Friuli-Venezia Giulia
Moruzzo;Friuli-Venezia Giulia
Mosciano Sant’Angelo;Abruzzo
Moscufo;Abruzzo
Motta di Livenza;Veneto
Motta San Giovanni;Calabria
Motta Sant’Anastasia;Sicilia
Motta Visconti;Lombardy
Mottola;Puglia
Mozzanica;Lombardy
Mozzate;Lombardy
Mozzecane;Lombardy
Muggiò;Lombardy
Mugnano del Cardinale;Campania
Mugnano di Napoli;Campania
Muravera;Sardegna
Muro Leccese;Puglia
Muro Lucano;Basilicata
Musile di Piave;Veneto
Mussomeli;Sicilia
Muzzana del Turgnano;Friuli-Venezia Giulia
Nanto;Veneto
Naples;Campania
Narcao;Sardegna
Nardò;Puglia
Narni;Umbria
Naro;Sicilia
Narzole;Piedmont
Naturno;Trentino-Alto Adige
Negrar;Veneto
Neive;Piedmont
Nembro;Lombardy
Nepi;Lazio
Nereto;Abruzzo
Nervesa della Battaglia;Veneto
Nerviano;Lombardy
Nettuno;Lazio
Neviano;Puglia
Neviano degli Arduini;Emilia-Romagna
Nichelino;Piedmont
Nicolosi;Sicilia
Nicosia;Sicilia
Nicotera;Calabria
Nimis;Friuli-Venezia Giulia
Niscemi;Sicilia
Nissoria;Sicilia
Nizza di Sicilia;Sicilia
Nizza Monferrato;Piedmont
Noale;Veneto
Nocera Inferiore;Campania
Nocera Superiore;Campania
Nocera Terinese;Calabria
Nocera Umbra;Umbria
Noceto;Emilia-Romagna
Noci;Puglia
Nogara;Veneto
Nogarole Rocca;Veneto
Noicattaro;Puglia
Nole;Piedmont
Noli;Liguria
Nonantola;Emilia-Romagna
None;Piedmont
Norcia;Umbria
Norma;Lazio
Notaresco;Abruzzo
Noto;Sicilia
Nova Milanese;Lombardy
Nova Siri;Basilicata
Novafeltria;Marche
Novara;Piedmont
Novate Milanese;Lombardy
Nove;Veneto
Novellara;Emilia-Romagna
Noventa di Piave;Veneto
Noventa Vicentina;Veneto
Novi di Modena;Emilia-Romagna
Novi Ligure;Piedmont
Novoli;Puglia
Nulvi;Sardegna
Numana;Marche
Nuoro;Sardegna
Nuraminis;Sardegna
Nusco;Campania
Nuvolento;Lombardy
Occhieppo Inferiore;Piedmont
Occhieppo Superiore;Piedmont
Occhiobello;Emilia-Romagna
Oderzo;Veneto
Offanengo;Lombardy
Offida;Marche
Offlaga;Lombardy
Oggiono;Lombardy
Olbia;Sardegna
Oleggio;Piedmont
Olevano Romano;Lazio
Olevano sul Tusciano;Campania
Olgiate Comasco;Lombardy
Olgiate Olona;Lombardy
Olginate;Lombardy
Oliena;Sardegna
Oliveto Citra;Campania
Olmedo;Sardegna
Omegna;Piedmont
Opera;Lombardy
Oppeano;Veneto
Oppido Lucano;Basilicata
Oppido Mamertina;Calabria
Orbassano;Piedmont
Orbetello;Tuscany
Ordona;Puglia
Orgiano;Veneto
Orgosolo;Sardegna
Origgio;Lombardy
Oriolo Romano;Lazio
Oristano;Sardegna
Ormelle;Veneto
Ornago;Lombardy
Ornavasso;Piedmont
Orosei;Sardegna
Orsago;Veneto
Orsara di Puglia;Puglia
Orsenigo;Lombardy
Orsogna;Abruzzo
Orta Nova;Puglia
Orte;Lazio
Ortona;Abruzzo
Orvieto;Umbria
Orzinuovi;Lombardy
Oschiri;Sardegna
Osilo;Sardegna
Osimo;Marche
Osnago;Lombardy
Osoppo;Friuli-Venezia Giulia
Ospedaletti;Liguria
Ospedaletto Euganeo;Veneto
Ospitaletto;Lombardy
Ossona;Lombardy
Ostellato;Emilia-Romagna
Ostiano;Lombardy
Ostiglia;Lombardy
Ostra Vetere;Marche
Ostuni;Puglia
Otranto;Puglia
Ottaviano;Campania
Oulx;Piedmont
Ovada;Piedmont
Ozieri;Sardegna
Pabillonis;Sardegna
Paceco;Sicilia
Pachino;Sicilia
Padenghe sul Garda;Lombardy
Paderno d’Adda;Lombardy
Paderno Dugnano;Lombardy
Paderno Franciacorta;Lombardy
Padova;Veneto
Padula;Campania
Paduli;Campania
Paesana;Piedmont
Paese;Veneto
Paglieta;Abruzzo
Pagnacco;Friuli-Venezia Giulia
Palagianello;Puglia
Palagiano;Puglia
Palagonia;Sicilia
Palaia;Tuscany
Palau;Sardegna
Palazzo San Gervasio;Basilicata
Palazzolo Acreide;Sicilia
Palazzolo dello Stella;Friuli-Venezia Giulia
Palermo;Sicilia
Palestrina;Lazio
Paliano;Lazio
Pallazzolo sull’Oglio;Lombardy
Palma Campania;Campania
Palma di Montechiaro;Sicilia
Palmanova;Friuli-Venezia Giulia
Palmi;Calabria
Palo del Colle;Puglia
Palombara Sabina;Lazio
Palomonte;Campania
Palosco;Lombardy
Pandino;Lombardy
Panicale;Umbria
Pantelleria;Sicilia
Pantigliate;Lombardy
Paola;Calabria
Parabiago;Lombardy
Parabita;Puglia
Paratico;Lombardy
Parcines;Trentino-Alto Adige
Parma;Emilia-Romagna
Partanna;Sicilia
Partinico;Sicilia
Pasian di Prato;Friuli-Venezia Giulia
Pasiano;Friuli-Venezia Giulia
Passignano sul Trasimeno;Umbria
Passirano;Lombardy
Pastrengo;Veneto
Paterno;Sicilia
Paterno;Basilicata
Patrica;Lazio
Pattada;Sardegna
Patti;Sicilia
Paularo;Friuli-Venezia Giulia
Paullo;Lombardy
Pavia;Lombardy
Pavia di Udine;Friuli-Venezia Giulia
Pavone Canavese;Piedmont
Pavone del Mella;Lombardy
Pavullo nel Frignano;Emilia-Romagna
Peccioli;Tuscany
Pedara;Sicilia
Pedaso;Marche
Pedavena;Veneto
Pederobba;Veneto
Pegognaga;Lombardy
Pelago;Tuscany
Pellestrina;Veneto
Pellezzano;Campania
Pennabilli;Marche
Pergine Valdarno;Tuscany
Pergine Valsugana;Trentino-Alto Adige
Pernumia;Veneto
Perosa Argentina;Piedmont
Perugia;Umbria
Pesaro;Marche
Pescaglia;Tuscany
Pescantina;Veneto
Pescara;Abruzzo
Peschici;Puglia
Peschiera del Garda;Veneto
Pescia;Tuscany
Pescina;Abruzzo
Petacciato;Molise
Petilia Policastro;Calabria
Petralia Soprana;Sicilia
Petralia Sottana;Sicilia
Petriano;Marche
Petronà;Calabria
Petrosino;Sicilia
Peveragno;Piedmont
Piacenza;Emilia-Romagna
Piadena;Lombardy
Pian Camuno;Lombardy
Piana degli Albanesi;Sicilia
Piancastagnaio;Tuscany
Piancogno;Lombardy
Pianella;Abruzzo
Pianezza;Piedmont
Pianiga;Veneto
Piano di Sorrento;Campania
Pianopoli;Calabria
Pianoro;Emilia-Romagna
Piasco;Piedmont
Piazza Armerina;Sicilia
Piazzola sul Brenta;Veneto
Picerno;Basilicata
Piedimonte Etneo;Sicilia
Piedimonte San Germano;Lazio
Piegaro;Umbria
Pietra Ligure;Liguria
Pietra Montecorvino;Puglia
Pietragalla;Basilicata
Pietramelara;Campania
Pietraperzia;Sicilia
Pietrasanta;Tuscany
Pietravairano;Campania
Pietrelcina;Campania
Pieve di Cadore;Veneto
Pieve di Cento;Emilia-Romagna
Pieve di Soligo;Veneto
Pieve Fosciana;Tuscany
Pieve Ligure;Liguria
Pieve Porto Morone;Lombardy
Pieve Santo Stefano;Tuscany
Pieve Vergonte;Piedmont
Piglio;Lazio
Pignataro Interamna;Lazio
Pignataro Maggiore;Campania
Pignola;Basilicata
Pimonte;Campania
Pinerolo;Piedmont
Pineto;Abruzzo
Pino Troinese;Piedmont
Pinzolo;Trentino-Alto Adige
Piobesi Torinese;Piedmont
Pioltello;Lombardy
Piombino;Tuscany
Piombino Dese;Veneto
Piossasco;Piedmont
Piove di Sacco;Veneto
Piovene Rocchette;Veneto
Piraino;Sicilia
Pisa;Tuscany
Pisciotta;Campania
Pisogne;Lombardy
Pisticci;Basilicata
Pistoia;Tuscany
Pitigliano;Tuscany
Pizzighettone;Lombardy
Pizzo;Calabria
Pizzoli;Abruzzo
Platì;Calabria
Ploaghe;Sardegna
Pocenia;Friuli-Venezia Giulia
Podenzano;Emilia-Romagna
Pofi;Lazio
Poggiardo;Puglia
Poggibonsi;Tuscany
Poggio a Caiano;Tuscany
Poggio Imperiale;Puglia
Poggio Mirteto;Lazio
Poggio Moiano;Lazio
Poggio Nativo;Lazio
Poggio Renatico;Emilia-Romagna
Poggio Rusco;Lombardy
Poggiomarino;Campania
Pogliano Milanese;Lombardy
Poiana Maggiore;Veneto
Poirino;Piedmont
Polcenigo;Friuli-Venezia Giulia
Polesella;Veneto
Policoro;Basilicata
Polignano a Mare;Puglia
Polistena;Calabria
Polizzi Generosa;Sicilia
Polla;Campania
Pollenza;Marche
Pollina;Sicilia
Polverara;Veneto
Polverigi;Marche
Pomarance;Tuscany
Pomarico;Basilicata
Pomezia;Lazio
Pomigliano d’Arco;Campania
Pompei;Campania
Pompiano;Lombardy
Poncarale;Lombardy
Ponsacco;Tuscany
Pont Canavese;Piedmont
Pont-Saint-Martin;Valle d’Aosta
Pontassieve;Tuscany
Ponte;Campania
Ponte Buggianese;Tuscany
Ponte dell’Olio;Emilia-Romagna
Ponte di Piave;Veneto
Ponte Lambro;Lombardy
Ponte nell’Alpi;Veneto
Ponte San Pietro;Lombardy
Pontecagnano;Campania
Pontecorvo;Lazio
Pontecurone;Piedmont
Pontedera;Tuscany
Pontelongo;Veneto
Pontenure;Emilia-Romagna
Pontevico;Lombardy
Pontida;Lombardy
Pontinia;Lazio
Pontremoli;Tuscany
Popoli;Abruzzo
Poppi;Tuscany
Porcari;Tuscany
Pordenone;Friuli-Venezia Giulia
Porlezza;Lombardy
Porpetto;Friuli-Venezia Giulia
Portici;Campania
Portico di Caserta;Campania
Porto Azzurro;Tuscany
Porto Ceresio;Lombardy
Porto Cesareo;Puglia
Porto Empedocle;Sicilia
Porto Ercole;Tuscany
Porto Recanati;Marche
Porto San Giorgio;Marche
Porto Sant’Elpidio;Marche
Porto Tolle;Veneto
Porto Torres;Sardegna
Portocannone;Molise
Portoferraio;Tuscany
Portogruaro;Veneto
Portomaggiore;Emilia-Romagna
Portoscuso;Sardegna
Portovenere;Liguria
Posada;Sardegna
Positano;Campania
Potenza;Basilicata
Potenza Picena;Marche
Povegliano;Veneto
Povegliano Veronese;Veneto
Poviglio;Emilia-Romagna
Povoletto;Friuli-Venezia Giulia
Pozzallo;Sicilia
Pozzolengo;Lombardy
Pozzoleone;Veneto
Pozzolo Formigaro;Piedmont
Pozzomaggiore;Sardegna
Pozzonovo;Veneto
Pozzuoli;Campania
Pozzuolo del Friuli;Friuli-Venezia Giulia
Pradamano;Friuli-Venezia Giulia
Praia a Mare;Calabria
Pralboino;Lombardy
Pramaggiore;Veneto
Prata Camportaccio;Lombardy
Prata di Pordenone;Friuli-Venezia Giulia
Prata di Principato Ultra;Campania
Prato;Tuscany
Pratola Peligna;Abruzzo
Pratola Serra;Campania
Pravisdomini;Friuli-Venezia Giulia
Predazzo;Trentino-Alto Adige
Preganziol;Veneto
Premariacco;Friuli-Venezia Giulia
Presicce;Puglia
Pressana;Veneto
Prignano sulla Secchia;Emilia-Romagna
Priolo Gargallo;Sicilia
Priverno;Lazio
Prizzi;Sicilia
Procida;Campania
Pulsano;Puglia
Putignano;Puglia
Qualiano;Campania
Quarona;Piedmont
Quarrata;Tuscany
Quarto d’Altino;Veneto
Quartu Sant’Elena;Sardegna
Quartucciu;Sardegna
Quattro Castella;Emilia-Romagna
Quiliano;Liguria
Quinto di Treviso;Veneto
Quinto Vicentino;Veneto
Quinzano d’Oglio;Lombardy
Quistello;Lombardy
Racale;Puglia
Racalmuto;Sicilia
Racconigi;Piedmont
Raddusa;Sicilia
Raffadali;Sicilia
Ragogna;Friuli-Venezia Giulia
Ragusa;Sicilia
Raiano;Abruzzo
Ramacca;Sicilia
Randazzo;Sicilia
Rapallo;Liguria
Rapolano Terme;Tuscany
Rapolla;Basilicata
Ravanusa;Sicilia
Ravarino;Emilia-Romagna
Ravello;Campania
Ravenna;Emilia-Romagna
Realmonte;Sicilia
Reana del Roiale;Friuli-Venezia Giulia
Recale;Campania
Recanati;Marche
Recco;Liguria
Recoaro Terme;Veneto
Regalbuto;Sicilia
Reggello;Tuscany
Reggio di Calabria;Calabria
Reggio Emilia;Emilia-Romagna
Reggiolo;Emilia-Romagna
Regia Dogana;Sardegna
Remanzacco;Friuli-Venezia Giulia
Remedello Sopra;Lombardy
Rende;Calabria
Resana;Veneto
Rescaldina;Lombardy
Revello;Piedmont
Revere;Lombardy
Rezzato;Lombardy
Rho;Lombardy
Ribera;Sicilia
Ricadi;Calabria
Riccò del Golfo di Spezia;Liguria
Riccione Marina;Emilia-Romagna
Riesi;Sicilia
Rieti;Lazio
Rignano Flaminio;Lazio
Rignano sull’Arno;Tuscany
Rimini;Emilia-Romagna
Rio di Pusteria;Trentino-Alto Adige
Rio Saliceto;Emilia-Romagna
Riolo Terme;Emilia-Romagna
Rionero in Vulture;Basilicata
Ripa Teatina;Abruzzo
Ripalimosani;Molise
Ripalta Cremasca;Lombardy
Ripatransone;Marche
Ripi;Lazio
Riposto;Sicilia
Riva Ligure;Liguria
Riva presso Chieri;Piedmont
Rivalta di Torino;Piedmont
Rivanazzano;Lombardy
Rivara;Piedmont
Rivarolo Canavese;Piedmont
Rivarolo Mantovano;Lombardy
Rive d’Arcano;Friuli-Venezia Giulia
Rivello;Basilicata
Rivergaro;Emilia-Romagna
Rivoli;Piedmont
Rivolta d’Adda;Lombardy
Rizziconi;Calabria
Ro;Emilia-Romagna
Roana;Veneto
Robassomero;Piedmont
Robbiate;Lombardy
Robbio;Lombardy
Robecchetto con Induno;Lombardy
Robecco sul Naviglio;Lombardy
Rocca d’Evandro;Campania
Rocca di Neto;Calabria
Rocca di Papa;Lazio
Rocca Imperiale;Calabria
Rocca Priora;Lazio
Roccabernarda;Calabria
Roccabianca;Emilia-Romagna
Roccadaspide;Campania
Roccafranca;Lombardy
Roccalumera;Sicilia
Roccamonfina;Campania
Roccapiemonte;Campania
Roccarainola;Campania
Roccasecca;Lazio
Roccastrada;Tuscany
Roccavione;Piedmont
Roccella Ionica;Calabria
Rodano;Lombardy
Rodi Garganico;Puglia
Rodigo;Lombardy
Roggiano Gravina;Calabria
Rogliano;Calabria
Rolo;Emilia-Romagna
Romàns d’Isonzo;Friuli-Venezia Giulia
Romagnano Sesia;Piedmont
Romanengo;Lombardy
Romano Canavese;Piedmont
Romano di Lombardia;Lombardy
Rombiolo;Calabria
Rome;Lazio
Romentino;Piedmont
Roncà;Veneto
Roncade;Veneto
Roncegno;Trentino-Alto Adige
Ronchi dei Legionari;Friuli-Venezia Giulia
Ronciglione;Lazio
Ronco all’Adige;Veneto
Ronco Scrivia;Liguria
Roncoferraro;Lombardy
Roncofreddo;Emilia-Romagna
Rosà;Veneto
Rosarno;Calabria
Rosate;Lombardy
Rosciano;Abruzzo
Roseto degli Abruzzi;Abruzzo
Rosignano Marittimo;Tuscany
Rosolina;Veneto
Rosolini;Sicilia
Rossano;Calabria
Rossano Veneto;Veneto
Rossiglione;Liguria
Rotondella;Basilicata
Rotondi;Campania
Rottofreno;Emilia-Romagna
Rovagnate;Lombardy
Rovato;Lombardy
Rovellasca;Lombardy
Rovello Porro;Lombardy
Roverbella;Lombardy
Roveredo in Piano;Friuli-Venezia Giulia
Rovereto;Trentino-Alto Adige
Rovetta;Lombardy
Rovigo;Veneto
Rovito;Calabria
Rovolon;Veneto
Rozzano;Lombardy
Rubano;Veneto
Rubiera;Emilia-Romagna
Ruda;Friuli-Venezia Giulia
Rudiano;Lombardy
Ruffano;Puglia
Rufina;Tuscany
Ruoti;Basilicata
Russi;Emilia-Romagna
Rutigliano;Puglia
Ruvo di Puglia;Puglia
Sìnnai;Sardegna
Sabaudia;Lazio
Sabbio Chiese;Lombardy
Sabbioneta;Lombardy
Saccolongo;Veneto
Sacile;Friuli-Venezia Giulia
Sacrofano;Lazio
Saint-Pierre;Valle d’Aosta
Saint-Vincent;Valle d’Aosta
Salò;Lombardy
Sala Baganza;Emilia-Romagna
Sala Bolognese;Emilia-Romagna
Sala Consilina;Campania
Salandra;Basilicata
Sale;Piedmont
Sale Marasino;Lombardy
Salemi;Sicilia
Salerno;Campania
Saletto;Veneto
Salgareda;Veneto
Salice Salentino;Puglia
Salizzole;Veneto
Salsomaggiore Terme;Emilia-Romagna
Saltara;Marche
Saludecio;Emilia-Romagna
Saluggia;Piedmont
Saluzzo;Piedmont
Salzano;Veneto
Samarate;Lombardy
Samassi;Sardegna
Sambuca di Sicilia;Sicilia
Sammichele di Bari;Puglia
Samughèo;Sardegna
San Bartolomeo in Galdo;Campania
San Benedetto de’ Marsi;Abruzzo
San Benedetto del Tronto;Marche
San Benedetto Po;Lombardy
San Benedetto Val di Sambro;Emilia-Romagna
San Benigno Canavese;Piedmont
San Biagio di Callalta;Veneto
San Biagio Platani;Sicilia
San Bonifacio;Veneto
San Calogero;Calabria
San Candido;Trentino-Alto Adige
San Canzian d’lsonzo;Friuli-Venezia Giulia
San Casciano in Val di Pesa;Tuscany
San Cataldo;Sicilia
San Cesareo;Lazio
San Cesario di Lecce;Puglia
San Cesario sul Panaro;Emilia-Romagna
San Cipirello;Sicilia
San Cipriano Picentino;Campania
San Colombano al Lambro;Lombardy
San Colombano Certenoli;Liguria
San Cono;Sicilia
San Costanzo;Marche
San Damiano d’Asti;Piedmont
San Daniele del Friuli;Friuli-Venezia Giulia
San Demetrio Corone;Calabria
San Donà di Piave;Veneto
San Donaci;Puglia
San Donato di Lecce;Puglia
San Donato Milanese;Lombardy
San Dorligo della Valle;Friuli-Venezia Giulia
San Fele;Basilicata
San Felice Circeo;Lazio
San Felice del Benaco;Lombardy
San Felice sul Panaro;Emilia-Romagna
San Ferdinando;Calabria
San Ferdinando di Puglia;Puglia
San Fili;Calabria
San Filippo della Mela;Sicilia
San Fior di Sopra;Veneto
San Francesco al Campo;Piedmont
San Fratello;Sicilia
San Gavino Monreale;Sardegna
San Gemini;Umbria
San Genesio Atesino;Trentino-Alto Adige
San Genesio ed Uniti;Lombardy
San Gennaro Vesuviano;Campania
San Gervasio Bresciano;Lombardy
San Giórgio di Nogaro;Friuli-Venezia Giulia
San Gillio;Piedmont
San Gimignano;Tuscany
San Ginesio;Marche
San Giorgio a Cremano;Campania
San Giorgio a Liri;Lazio
San Giorgio Canavese;Piedmont
San Giorgio del Sannio;Campania
San Giorgio della Richinvelda;Friuli-Venezia Giulia
San Giorgio di Piano;Emilia-Romagna
San Giorgio in Bosco;Veneto
San Giorgio Ionico;Puglia
San Giorgio la Molara;Campania
San Giorgio Morgeto;Calabria
San Giorgio Piacentino;Emilia-Romagna
San Giovanni a Piro;Campania
San Giovanni al Natisone;Friuli-Venezia Giulia
San Giovanni Bianco;Lombardy
San Giovanni Gemini;Sicilia
San Giovanni Ilarione;Veneto
San Giovanni in Fiore;Calabria
San Giovanni in Marignano;Emilia-Romagna
San Giovanni in Persiceto;Emilia-Romagna
San Giovanni Incarico;Lazio
San Giovanni la Punta;Sicilia
San Giovanni Lupatoto;Veneto
San Giovanni Rotondo;Puglia
San Giovanni Suèrgiu;Sardegna
San Giovanni Valdarno;Tuscany
San Giuliano Milanese;Lombardy
San Giuliano Terme;Tuscany
San Giuseppe Iato;Sicilia
San Giuseppe Vesuviano;Campania
San Giustino;Umbria
San Giusto Canavese;Piedmont
San Gregorio d’Ippona;Calabria
San Gregorio di Catania;Sicilia
San Gregorio Magno;Campania
San Lazzaro di Savena;Emilia-Romagna
San Leo;Marche
San Leonardo in Passiria;Trentino-Alto Adige
San Leucio del Sannio;Campania
San Lorenzo;Calabria
San Lorenzo del Vallo;Calabria
San Lorenzo di Sebato;Trentino-Alto Adige
San Lorenzo in Campo;Marche
San Luca;Calabria
San Lucido;Calabria
San Mango Piemonte;Campania
San Marcello Pistoiese;Tuscany
San Marco Argentano;Calabria
San Marco dei Cavoti;Campania
San Marco Evangelista;Campania
San Marco in Lamis;Puglia
San Martino Buon Albergo;Veneto
San Martino di Lupari;Veneto
San Martino di Venezze;Veneto
San Martino in Pensilis;Molise
San Martino Siccomario;Lombardy
San Martino Valle Caudina;Campania
San Marzano di San Giuseppe;Puglia
San Marzano sul Sarno;Campania
San Maurizio Canavese;Piedmont
San Maurizio d’Opaglio;Piedmont
San Mauro Pascoli;Emilia-Romagna
San Mauro Torinese;Piedmont
San Michele al Tagliamento;Veneto
San Michele all’Adige;Trentino-Alto Adige
San Michele di Ganzaria;Sicilia
San Michele di Serino;Campania
San Michele Salentino;Puglia
San Miniato;Tuscany
San Nicolò d’Arcidano;Sardegna
San Pancrazio Salentino;Puglia
San Paolo;Lombardy
San Paolo Bel Sito;Campania
San Paolo di Civitate;Puglia
San Pellegrino Terme;Lombardy
San Pier Niceto;Sicilia
San Piero Patti;Sicilia
San Pietro a Maida;Calabria
San Pietro di Feletto;Veneto
San Pietro in Casale;Emilia-Romagna
San Pietro in Gù;Veneto
San Pietro in Guarano;Calabria
San Pietro in Lama;Puglia
San Pietro Vernotico;Puglia
San Pietro Viminario;Veneto
San Polo d’Enza in Caviano;Emilia-Romagna
San Polo dei Cavalieri;Lazio
San Polo di Piave;Veneto
San Prisco;Campania
San Quirico d’Orcia;Tuscany
San Quirino;Friuli-Venezia Giulia
San Remo;Liguria
San Salvatore Monferrato;Piedmont
San Salvatore Telesino;Campania
San Salvo;Abruzzo
San Sebastiano al Vesuvio;Campania
San Secondo Parmense;Emilia-Romagna
San Severino Marche;Marche
San Severo;Puglia
San Sperate;Sardegna
San Tammaro;Campania
San Valentino Torio;Campania
San Vendemiano;Veneto
San Vero Milis;Sardegna
San Vincenzo;Tuscany
San Vito;Sardegna
San Vito al Tagliamento;Friuli-Venezia Giulia
San Vito Chietino;Abruzzo
San Vito dei Normanni;Puglia
San Vito di Leguzzano;Veneto
San Vito lo Capo;Sicilia
San Vito Romano;Lazio
San Vittore del Lazio;Lazio
San Zenone;Veneto
San Zenone al Lambro;Lombardy
Sandigliano;Piedmont
Sandrigo;Veneto
Sanfrè;Piedmont
Sangano;Piedmont
Sanguinetto;Veneto
Sanluri;Sardegna
Sannazzaro de’ Burgondi;Lombardy
Sannicandro di Bari;Puglia
Sannicandro Garganico;Puglia
Sannicola;Puglia
Sansepolcro;Tuscany
Sant’Agata Bolognese;Emilia-Romagna
Sant’Agata de’ Goti;Campania
Sant’Agata di Militello;Sicilia
Sant’Agata sul Santerno;Emilia-Romagna
Sant’Agnello;Campania
Sant’Agostino;Emilia-Romagna
Sant’Ambrogio di Torino;Piedmont
Sant’Ambrogio di Valpolicella;Veneto
Sant’Anastasia;Campania
Sant’Angelo de’ Lombardi;Campania
Sant’Angelo di Brolo;Sicilia
Sant’Angelo di Piove di Sacco;Veneto
Sant’Angelo in Vado;Marche
Sant’Angelo Lodigiano;Lombardy
Sant’Angelo Romano;Lazio
Sant’Anna Arresi;Sardegna
Sant’Anna d’Alfaedo;Veneto
Sant’Antìoco;Sardegna
Sant’Antimo;Campania
Sant’Antonio Abate;Campania
Sant’Antonio di Susa;Piedmont
Sant’Arcangelo;Basilicata
Sant’Arcangelo di Romagna;Emilia-Romagna
Sant’Arpino;Campania
Sant’Arsenio;Campania
Sant’Egidio alla Vibrata;Abruzzo
Sant’Elena;Veneto
Sant’Elia Fiumerapido;Lazio
Sant’Elpidio a Mare;Marche
Sant’Eufemia d’Aspromonte;Calabria
Sant’Eusanio del Sangro;Abruzzo
Sant’Ilario d’Enza;Emilia-Romagna
Sant’Omero;Abruzzo
Sant’Omobono Imagna;Lombardy
Sant’Onofrio;Calabria
Sant’Oreste;Lazio
Santa Caterina Villarmosa;Sicilia
Santa Cesarea Terme;Puglia
Santa Croce Camerina;Sicilia
Santa Croce di Magliano;Molise
Santa Croce sull’ Arno;Tuscany
Santa Fiora;Tuscany
Santa Flavia;Sicilia
Santa Giusta;Sardegna
Santa Giustina;Veneto
Santa Giustina in Colle;Veneto
Santa Lucia del Mela;Sicilia
Santa Lucia di Piave;Veneto
Santa Margherita di Belice;Sicilia
Santa Margherita Ligure;Liguria
Santa Maria a Monte;Tuscany
Santa Maria a Vico;Campania
Santa Maria Capua Vetere;Campania
Santa Maria di Licodia;Sicilia
Santa Maria di Sala;Veneto
Santa Maria la Fossa;Campania
Santa Maria Nuova;Marche
Santa Marina;Campania
Santa Marinella;Lazio
Santa Ninfa;Sicilia
Santa Sofia;Emilia-Romagna
Santa Sofia d’Epiro;Calabria
Santa Teresa di Riva;Sicilia
Santa Teresa Gallura;Sardegna
Santa Venerina;Sicilia
Santa Vittoria d’Alba;Piedmont
Santadi;Sardegna
Santeramo in Colle;Puglia
Santhià;Piedmont
Santi Cosma e Damiano;Lazio
Santo Stefano Belbo;Piedmont
Santo Stefano di Cadore;Veneto
Santo Stefano di Camastra;Sicilia
Santo Stefano di Magra;Liguria
Santo Stefano Quisquina;Sicilia
Santo Stefano Ticino;Lombardy
Santo Stino di Livenza;Veneto
Santorso;Veneto
Sanza;Campania
Saponara Villafranca;Sicilia
Sapri;Campania
Saracena;Calabria
Sarcedo;Veneto
Sardara;Sardegna
Sarezzo;Lombardy
Sarmato;Emilia-Romagna
Sarmede;Veneto
Sarnano;Marche
Sarnico;Lombardy
Sarno;Campania
Saronno;Lombardy
Sarroch;Sardegna
Sarsina;Emilia-Romagna
Sarteano;Tuscany
Sarzana;Liguria
Sassano;Campania
Sassari;Sardegna
Sasso Marconi;Emilia-Romagna
Sassocorvaro;Marche
Sassoferrato;Marche
Sassuolo;Emilia-Romagna
Satriano;Calabria
Sava;Puglia
Saviano;Campania
Savigliano;Piedmont
Savignano sul Panaro;Emilia-Romagna
Savignano sul Rubicone;Emilia-Romagna
Savona;Liguria
Scafa;Abruzzo
Scafati;Campania
Scalea;Calabria
Scalenghe;Piedmont
Scandale;Calabria
Scandiano;Emilia-Romagna
Scandicci;Tuscany
Scandriglia;Lazio
Scansano;Tuscany
Scarlino;Tuscany
Scerni;Abruzzo
Schiavon;Veneto
Schio;Veneto
Sciacca;Sicilia
Sciara;Sicilia
Scicli;Sicilia
Scilla;Calabria
Scoppito;Abruzzo
Scordia;Sicilia
Scorrano;Puglia
Scorzè;Veneto
Scurcola Marsicana;Abruzzo
Sedegliano;Friuli-Venezia Giulia
Sedico;Veneto
Sedriano;Lombardy
Segni;Lazio
Segrate;Lombardy
Selargius;Sardegna
Selva;Trentino-Alto Adige
Selvazzano Dentro;Veneto
Seminara;Calabria
Senago;Lombardy
Senigallia;Marche
Senise;Basilicata
Sennori;Sardegna
Senorbì;Sardegna
Seravezza;Tuscany
Serdiana;Sardegna
Seregno;Lombardy
Sergnano;Lombardy
Seriate;Lombardy
Serino;Campania
Serle;Lombardy
Sermide;Lombardy
Sermoneta;Lazio
Sernaglia della Battaglia;Veneto
Serra de’ Conti;Marche
Serra Riccò;Liguria
Serra San Bruno;Calabria
Serra San Quirico;Marche
Serracapriola;Puglia
Serradifalco;Sicilia
Serramanna;Sardegna
Serramazzoni;Emilia-Romagna
Serrara Fontana;Campania
Serrastretta;Calabria
Serravalle Pistoiese;Tuscany
Serravalle Scrivia;Piedmont
Serravalle Sesia;Piedmont
Serrenti;Sardegna
Serrone;Lazio
Sersale;Calabria
Sessa Aurunca;Campania
Sesto al Reghena;Friuli-Venezia Giulia
Sesto Calende;Lombardy
Sesto ed Uniti;Lombardy
Sesto Fiorentino;Tuscany
Sesto San Giovanni;Lombardy
Sestola;Emilia-Romagna
Sestri Levante;Liguria
Sestu;Sardegna
Settimo San Pietro;Sardegna
Settimo Torinese;Piedmont
Seveso;Lombardy
Sezze;Lazio
Sgurgola;Lazio
Siano;Campania
Sicignano degli Alburni;Campania
Siculiana;Sicilia
Siderno Marina;Calabria
Siena;Tuscany
Signa;Tuscany
Silandro;Trentino-Alto Adige
Silea;Veneto
Silvi Paese;Abruzzo
Sinagra;Sicilia
Sinalunga;Tuscany
Siniscola;Sardegna
Siracusa;Sicilia
Sirignano;Campania
Sirmione;Lombardy
Sirolo;Marche
Sissa;Emilia-Romagna
Siziano;Lombardy
Soave;Veneto
Sogliano al Rubicone;Emilia-Romagna
Sogliano Cavour;Puglia
Solarino;Sicilia
Solaro;Lombardy
Solarolo;Emilia-Romagna
Solbiate Arno;Lombardy
Solbiate Olona;Lombardy
Solesino;Veneto
Soleto;Puglia
Solferino;Lombardy
Soliera;Emilia-Romagna
Solofra;Campania
Solopaca;Campania
Somma Lombardo;Lombardy
Somma Vesuviana;Campania
Sommacampagna;Veneto
Sommariva del Bosco;Piedmont
Sommariva Perno;Piedmont
Sommatino;Sicilia
Sona;Veneto
Soncino;Lombardy
Sondalo;Lombardy
Sondrio;Lombardy
Sonnino;Lazio
Sora;Lazio
Soragna;Emilia-Romagna
Sorano;Tuscany
Sorbolo;Emilia-Romagna
Soresina;Lombardy
Sori;Liguria
Soriano nel Cimino;Lazio
Sorisole;Lombardy
Sorrento;Campania
Sorso;Sardegna
Sortino;Sicilia
Sospiro;Lombardy
Sospirolo;Veneto
Sossano;Veneto
Sotto il Monte;Lombardy
Soverato Marina;Calabria
Sovere;Lombardy
Soveria Mannelli;Calabria
Sovicille;Tuscany
Spadafora;Sicilia
Sparanise;Campania
Specchia;Puglia
Spello;Umbria
Sperlonga;Lazio
Spezzano Albanese;Calabria
Spezzano Grande;Calabria
Spigno Saturnia;Lazio
Spilamberto;Emilia-Romagna
Spilimbergo;Friuli-Venezia Giulia
Spinazzola;Puglia
Spinea;Veneto
Spinetoli;Marche
Spino d’Adda;Lombardy
Spirano;Lombardy
Spoleto;Umbria
Spoltore;Abruzzo
Spongano;Puglia
Spotorno;Liguria
Spresiano;Veneto
Squillace;Calabria
Squinzano;Puglia
Stanghella;Veneto
Staranzano;Friuli-Venezia Giulia
Statte;Puglia
Stezzano;Lombardy
Stia;Tuscany
Stienta;Emilia-Romagna
Stigliano;Basilicata
Stilo;Calabria
Stornara;Puglia
Stornarella;Puglia
Storo;Trentino-Alto Adige
Stra;Veneto
Stradella;Lombardy
Strambino;Piedmont
Stresa;Piedmont
Striano;Campania
Stroncone;Umbria
Strongoli;Calabria
Sturno;Campania
Subbiano;Tuscany
Subiaco;Lazio
Sulmona;Abruzzo
Sumirago;Lombardy
Suno;Piedmont
Supersano;Puglia
Supino;Lazio
Surbo;Puglia
Susa;Piedmont
Susegana;Veneto
Sutri;Lazio
Suvereto;Tuscany
Suzzara;Lombardy
Taggia;Liguria
Tagliacozzo;Abruzzo
Taglio;Veneto
Taglio di Po;Veneto
Taino;Lombardy
Talmassons;Friuli-Venezia Giulia
Taormina;Sicilia
Taranto;Puglia
Tarcento;Friuli-Venezia Giulia
Tarquinia;Lazio
Tarvisio;Friuli-Venezia Giulia
Tarzo;Veneto
Taurianova;Calabria
Taurisano;Puglia
Tavernelle in Val di Pesa;Tuscany
Taviano;Puglia
Tavullia;Marche
Teano;Campania
Teggiano;Campania
Teglio;Lombardy
Telgate;Lombardy
Tempio Pausania;Sardegna
Teolo;Veneto
Teramo;Abruzzo
Terlano;Trentino-Alto Adige
Terlizzi;Puglia
Termini Imerese;Sicilia
Termoli;Molise
Ternate;Lombardy
Terni;Umbria
Terracina;Lazio
Terralba;Sardegna
Terranova di Sibari;Calabria
Terranuova Bracciolini;Tuscany
Terrasini Favarotta;Sicilia
Terricciola;Tuscany
Tertenìa;Sardegna
Terzigno;Campania
Terzo d’Aquiléia;Friuli-Venezia Giulia
Tesero;Trentino-Alto Adige
Tezze sul Brenta;Veneto
Thiene;Veneto
Thiesi;Sardegna
Tiggiano;Puglia
Tione di Trento;Trentino-Alto Adige
Tirano;Lombardy
Tiriolo;Calabria
Tito;Basilicata
Tivoli;Lazio
Toano;Emilia-Romagna
Tocco da Casauria;Abruzzo
Todi;Umbria
Toirano;Liguria
Tolentino;Marche
Tolfa;Lazio
Tollegno;Piedmont
Tollo;Abruzzo
Tolmezzo;Friuli-Venezia Giulia
Tolve;Basilicata
Tombolo;Veneto
Torano Castello;Calabria
Torchiarolo;Puglia
Torgiano;Umbria
Torino di Sangro;Abruzzo
Toritto;Puglia
Torpè;Sardegna
Torre Annunziata;Campania
Torre Boldone;Lombardy
Torre de’ Passeri;Abruzzo
Torre del Greco;Campania
Torre di Mosto;Veneto
Torre Maggiore;Puglia
Torre Pellice;Piedmont
Torre Santa Susanna;Puglia
Torrebelvicino;Veneto
Torrecuso;Campania
Torreglia;Veneto
Torregrotta;Sicilia
Torrenova;Sicilia
Torretta;Sicilia
Torrevecchia Teatina;Abruzzo
Torri del Benaco;Veneto
Torri di Quartesolo;Veneto
Torrice;Lazio
Torricella;Puglia
Torricella Sicura;Abruzzo
Torrile;Emilia-Romagna
Torrita di Siena;Tuscany
Tortolì;Sardegna
Tortona;Piedmont
Tortora;Calabria
Tortoreto;Abruzzo
Tortorici;Sicilia
Torviscosa;Friuli-Venezia Giulia
Toscolano;Lombardy
Trabia;Sicilia
Tradate;Lombardy
Tramutola;Basilicata
Trana;Piedmont
Trani;Puglia
Traona;Lombardy
Trapani;Sicilia
Trasacco;Abruzzo
Travagliato;Lombardy
Travedona;Lombardy
Traversetolo;Emilia-Romagna
Trebaseleghe;Veneto
Trebisacce;Calabria
Trecastagni;Sicilia
Trecate;Piedmont
Trecenta;Veneto
Tregnago;Veneto
Treia;Marche
Trenta;Calabria
Trento;Trentino-Alto Adige
Trentola;Campania
Trepuzzi;Puglia
Trescore Balneario;Lombardy
Trescore Cremasco;Lombardy
Tresigallo;Emilia-Romagna
Trevenzuolo;Veneto
Trevi;Umbria
Treviglio;Lombardy
Trevignano;Veneto
Trevignano Romano;Lazio
Treviso;Veneto
Trezzano Rosa;Lombardy
Trezzano sul Naviglio;Lombardy
Trezzo sull’Adda;Lombardy
Tribano;Veneto
Tribiano;Lombardy
Tricarico;Basilicata
Tricase;Puglia
Tricesimo;Friuli-Venezia Giulia
Trichiana;Veneto
Trieste;Friuli-Venezia Giulia
Triggiano;Puglia
Trinitapoli;Puglia
Trino;Piedmont
Trissino;Veneto
Triuggio;Lombardy
Trivento;Molise
Trivero;Piedmont
Trofarello;Piedmont
Troina;Sicilia
Tromello;Lombardy
Tronzano Vercellese;Piedmont
Tropea;Calabria
Truccazzano;Lombardy
Tufino;Campania
Tuglie;Puglia
Tuoro sul Trasimeno;Umbria
Turbigo;Lombardy
Turin;Piedmont
Turriaco;Friuli-Venezia Giulia
Tursi;Basilicata
Tusa;Sicilia
Tuscania;Lazio
Udine;Friuli-Venezia Giulia
Ugento;Puglia
Uggiano la Chiesa;Puglia
Umbertide;Umbria
Uras;Sardegna
Urbania;Marche
Urbino;Marche
Urbisaglia;Marche
Urgnano;Lombardy
Ururi;Molise
Usini;Sardegna
Usmate Velate;Lombardy
Ussana;Sardegna
Uzzano;Tuscany
Vado Ligure;Liguria
Vaglia;Tuscany
Vaiano;Tuscany
Vaiano Cremasco;Lombardy
Vailate;Lombardy
Vairano Patenora;Campania
Valdagno;Veneto
Valdobbiadene;Veneto
Valeggio sul Mincio;Veneto
Valentano;Lazio
Valenza;Piedmont
Valenzano;Puglia
Valfabbrica;Umbria
Valfurva;Lombardy
Valguarnera Caropepe;Sicilia
Vallata;Campania
Valle di Maddaloni;Campania
Valle Mosso;Piedmont
Vallecorsa;Lazio
Vallecrosia;Liguria
Valledolmo;Sicilia
Vallelunga Pratameno;Sicilia
Vallerano;Lazio
Valli del Pasubio;Veneto
Vallo della Lucania;Campania
Valmadrera;Lombardy
Valmontone;Lazio
Vanzaghello;Lombardy
Vanzago;Lombardy
Vaprio d’Adda;Lombardy
Varallo;Piedmont
Varallo Pombia;Piedmont
Varano de’ Melegari;Emilia-Romagna
Varazze;Liguria
Varedo;Lombardy
Varese;Lombardy
Varmo;Friuli-Venezia Giulia
Varna;Trentino-Alto Adige
Varzi;Lombardy
Vasanello;Lazio
Vazzola;Veneto
Vecchiano;Tuscany
Vedano Olona;Lombardy
Vedelago;Veneto
Veggiano;Veneto
Veglie;Puglia
Velletri;Lazio
Vellezzo Bellini;Lombardy
Velturno;Trentino-Alto Adige
Venafro;Molise
Venaria Reale;Piedmont
Venegono Inferiore;Lombardy
Venegono Superiore;Lombardy
Venetico;Sicilia
Venice;Veneto
Venosa;Basilicata
Ventimiglia;Liguria
Verbania;Piedmont
Verbicaro;Calabria
Vercelli;Piedmont
Vercurago;Lombardy
Verdello;Lombardy
Vergato;Emilia-Romagna
Vergiate;Lombardy
Vermezzo;Lombardy
Vernate;Lombardy
Vernio;Tuscany
Vernole;Puglia
Verolanuova;Lombardy
Verolavecchia;Lombardy
Verolengo;Piedmont
Veroli;Lazio
Verona;Veneto
Veronella;Veneto
Verrès;Valle d’Aosta
Vertemate;Lombardy
Vertova;Lombardy
Verucchio;Emilia-Romagna
Verzuolo;Piedmont
Vescovato;Lombardy
Vestenanuova;Veneto
Vestignè;Piedmont
Vestone;Lombardy
Vetralla;Lazio
Vezzano Ligure;Liguria
Vezzano sul Crostolo;Emilia-Romagna
Viadana;Lombardy
Viagrande;Sicilia
Viano;Emilia-Romagna
Viareggio;Tuscany
Vibo Valentia;Calabria
Vibonati;Campania
Vicari;Sicilia
Vicchio;Tuscany
Vicenza;Veneto
Vico del Gargano;Puglia
Vico Equense;Campania
Vicopisano;Tuscany
Vicovaro;Lazio
Vidigulfo;Lombardy
Vidor;Veneto
Vieste;Puglia
Vietri di Potenza;Basilicata
Vietri sul Mare;Campania
Vigarano Mainarda;Emilia-Romagna
Vigasio;Veneto
Vigevano;Lombardy
Viggiù;Lombardy
Viggianello;Basilicata
Viggiano;Basilicata
Vigliano Biellese;Piedmont
Vignanello;Lazio
Vignate;Lombardy
Vignola;Emilia-Romagna
Vignolo;Piedmont
Vigodarzere;Veneto
Vigolzone;Emilia-Romagna
Vigone;Piedmont
Vigonovo;Veneto
Vigonza;Veneto
Viguzzolo;Piedmont
Villa Bartolomea;Veneto
Villa Castelli;Puglia
Villa Cortese;Lombardy
Villa d’Almè;Lombardy
Villa del Conte;Veneto
Villa di Serio;Lombardy
Villa di Tirano;Lombardy
Villa Guardia;Lombardy
Villa Lagarina;Trentino-Alto Adige
Villa Literno;Campania
Villa Minozzo;Emilia-Romagna
Villa San Giovanni;Calabria
Villa Santa Lucia;Lazio
Villabate;Sicilia
Villacidro;Sardegna
Villadose;Veneto
Villadossola;Piedmont
Villafalletto;Piedmont
Villafranca d’Asti;Piedmont
Villafranca di Verona;Veneto
Villafranca in Lunigiana;Tuscany
Villafranca Piemonte;Piedmont
Villafranca Tirrena;Sicilia
Villafrati;Sicilia
Villagrande Strisaili;Sardegna
Villamar;Sardegna
Villamassargia;Sardegna
Villanova d’Albenga;Liguria
Villanova d’Asti;Piedmont
Villanova Mondovì;Piedmont
Villanterio;Lombardy
Villanuova sul clisi;Lombardy
Villapiana;Calabria
Villaputzu;Sardegna
Villar Perosa;Piedmont
Villaricca;Campania
Villarosa;Sicilia
Villasanta;Lombardy
Villasimìus;Sardegna
Villasor;Sardegna
Villaspeciosa;Sardegna
Villastellone;Piedmont
Villaverla;Veneto
Villorba;Veneto
Vimercate;Lombardy
Vimodrone;Lombardy
Vinchiaturo;Molise
Vinci;Tuscany
Vipiteno;Trentino-Alto Adige
Visciano;Campania
Viterbo;Lazio
Vitorchiano;Lazio
Vittoria;Sicilia
Vittorio Veneto;Veneto
Vittuone;Lombardy
Vitulano;Campania
Vitulazio;Campania
Vizzini;Sicilia
Vobarno;Lombardy
Voghenza;Emilia-Romagna
Voghera;Lombardy
Volano;Trentino-Alto Adige
Volpago del Montello;Veneto
Volpiano;Piedmont
Volta Mantovana;Lombardy
Volterra;Tuscany
Volturara Irpina;Campania
Volvera;Piedmont
Zafferana Etnea;Sicilia
Zagarolo;Lazio
Zanè;Veneto
Zandobbio;Lombardy
Zanica;Lombardy
Zapponeta;Puglia
Zelo Buon Persico;Lombardy
Zero Branco;Veneto
Zevio;Veneto
Ziano Piacentino;Emilia-Romagna
Zibido San Giacomo;Lombardy
Zimella;Veneto
Zinasco;Lombardy
Zocca;Emilia-Romagna
Zogno;Lombardy
Zola Predosa;Emilia-Romagna
Zoppola;Friuli-Venezia Giulia